,Picture,Name,Date of Birth,Birthplace
0,https://resizing.flixster.com/e75--6Rkikl5uOcUoB_sChsCIfw=/218x280/v2/https://flxt.tmsimg.com/v9/AllPhotos/641238/641238_v9_bb.jpg,Julia Garner,"Feb 1, 1994","New York, New York, USA"
1,https://resizing.flixster.com/ZRz9f6ihk1QWcYbfhBNWJ6gjgXw=/218x280/v2/https://flxt.tmsimg.com/assets/320_v9_ba.jpg,Anna Chlumsky,"Dec 3, 1980","Chicago, Illinois, USA"
2,https://resizing.flixster.com/be9QZoZxNPoS6pRjiMR2NQpo078=/218x280/v2/https://flxt.tmsimg.com/v9/AllPhotos/484933/484933_v9_bb.jpg,Alan Ritchson,"Nov 28, 1984","Grand Forks, North Dakota, USA"
3,https://resizing.flixster.com/f7RkGOvIJBjJWvgc30zdttgAJa4=/218x280/v2/https://flxt.tmsimg.com/v9/AllPhotos/758405/758405_v9_ba.jpg,Willa Fitzgerald,"Jan 17, 1991","Nashville, Tennessee, USA"
4,https://resizing.flixster.com/-oDHRjXfBj2S-KDS7eQ12pKj4rc=/218x280/v2/https://flxt.tmsimg.com/assets/658637_v9_bb.jpg,Lily James,"Apr 5, 1989","Esher, Surrey, England, UK"
5,https://resizing.flixster.com/C5qMESc2A0iUGdELVCJbU7TcWpQ=/218x280/v2/https://flxt.tmsimg.com/v9/AllPhotos/515246/515246_v9_bb.jpg,Austin Butler,"Aug 17, 1991","Anaheim, California, USA"
6,https://resizing.flixster.com/B4VOPJcf2Iil9AO04v1MfZhxJBQ=/218x280/v2/https://flxt.tmsimg.com/assets/1240984_v9_ba.jpg,Hunter Schafer,"Dec 31, 1998","Trenton, New Jersey, USA"
7,https://resizing.flixster.com/RQBU1TpJSfcj0ilNOZos4hMV2t8=/218x280/v2/https://flxt.tmsimg.com/assets/249332_v9_bb.jpg,Morena Baccarin,"Jun 2, 1979","Rio de Janeiro, Rio de Janeiro, Brazil"
8,https://resizing.flixster.com/_k_9QOpUKf64A6rdkZH_p3IKWMs=/218x280/v2/https://flxt.tmsimg.com/v9/AllPhotos/555566/555566_v9_ba.jpg,Sydney Sweeney,"Sep 12, 1997","Spokane, Washington, USA"
9,https://resizing.flixster.com/FW8ehoINW6NDMKHqCmlCjQWB17g=/218x280/v2/https://flxt.tmsimg.com/v9/AllPhotos/331642/331642_v9_bb.jpg,Jennifer Holland,"Nov 9, 1987","Chicago, Illinois, USA"
10,https://resizing.flixster.com/VuY8OPZjtKecpJnUp1PfXEK1hPc=/218x280/v2/https://flxt.tmsimg.com/v9/AllPhotos/591658/591658_v9_bb.jpg,Zendaya,"Sep 1, 1996","Oakland, California, USA"
11,https://resizing.flixster.com/QAlCN6s6DBck9SZOgjRKom6DxFw=/218x280/v2/https://flxt.tmsimg.com/assets/67990_v9_bb.jpg,Pamela Anderson,"Jul 1, 1967","Ladysmith, British Columbia, Canada"
12,https://resizing.flixster.com/9JZUXc4XKxgkY0St6xktpyqk3s8=/218x280/v2/https://flxt.tmsimg.com/v9/AllPhotos/27942/27942_v9_bb.jpg,Ivan Reitman,"Oct 27, 1946","Komárno, Czechoslovakia"
13,https://resizing.flixster.com/YMDrGleAYiTHu4l_WpVaURjbJq4=/218x280/v2/https://flxt.tmsimg.com/assets/1126450_v9_ba.jpg,Isabel May,"Nov 21, 2000","Santa Monica, California, USA"
14,https://resizing.flixster.com/hxyE9J9lVLXVaY8trcWCn59iI4U=/218x280/v2/https://flxt.tmsimg.com/assets/527935_v9_bb.jpg,Caitlin FitzGerald,"Aug 25, 1983","Camden, Knox County, Maine, USA"
15,https://resizing.flixster.com/-YGauequ6_gi8Ss-e1YrpkgQ17Y=/218x280/v2/https://flxt.tmsimg.com/assets/1115346_v9_ba.jpg,Zach Avery,"Dec 5, 1986","Berkeley, California, United States"
16,https://resizing.flixster.com/33Bcc2YsW53OguYMS_WZeeqjRMs=/218x280/v2/https://flxt.tmsimg.com/v9/AllPhotos/320046/320046_v9_ba.jpg,Taylor Sheridan,"May 21, 1970","Cranfills Gap, Texas, USA"
17,https://resizing.flixster.com/ieg7s0hKcRaS950cnwsBqyhDw0A=/218x280/v2/https://flxt.tmsimg.com/assets/630729_v9_ba.jpg,Freddie Stroma,"Jan 8, 1987","London, England, UK"
18,https://resizing.flixster.com/qr3HiWaCT6U-02xmyb9XpdiOT-k=/218x280/v2/https://flxt.tmsimg.com/v9/AllPhotos/571839/571839_v9_bb.jpg,Laverne Cox,"May 29, 1972","Mobile, Alabama, USA"
19,/assets/pizza-pie/images/poster_default.c8c896e70c3.gif,Lindsey Pearlman,Not Available,Not Available
20,https://resizing.flixster.com/rCiVZWVzWiCQK6YAJ9Cxzr3kecY=/218x280/v2/https://flxt.tmsimg.com/assets/490465_v9_bb.jpg,Sebastian Stan,"Aug 13, 1982","Constanta, Romania"
21,https://resizing.flixster.com/c4CA_VOVWFgrHSu_58X62pmmj0k=/218x280/v2/https://flxt.tmsimg.com/assets/733885_v9_bb.jpg,Tom Holland,"Jun 1, 1996","Kingston-upon-Thames, Surrey, England, UK"
22,https://resizing.flixster.com/wH7FIGG7KrbPvrj9ekSRU0Dp_7Y=/218x280/v2/https://flxt.tmsimg.com/assets/764429_v9_bb.jpg,Mckenna Grace,"Jun 25, 2006","Texas, USA"
23,https://resizing.flixster.com/NMliKy_y478Q4VYDA52gNyQMOKU=/218x280/v2/https://flxt.tmsimg.com/v9/AllPhotos/763256/763256_v9_bb.jpg,Carrie Coon,"Jan 24, 1981","Copley, Ohio, USA"
24,https://resizing.flixster.com/SkSOGc60euVHpXCXoP0UdOlZiY0=/218x280/v2/https://flxt.tmsimg.com/v9/AllPhotos/256802/256802_v9_bb.jpg,Jesse Plemons,"Apr 2, 1988","Dallas, Texas, USA"
25,https://resizing.flixster.com/kZfphx5IwbNaFx5EH_526UwPL3U=/218x280/v2/https://flxt.tmsimg.com/v9/AllPhotos/497560/497560_v9_bb.jpg,Katie Lowes,"Sep 22, 1982","Queens, New York, USA"
26,https://resizing.flixster.com/7xHfSbpxddJuCPG_m4Ehd7R0tOE=/218x280/v2/https://flxt.tmsimg.com/assets/73951_v9_bb.jpg,Kirsten Dunst,"Apr 30, 1982","Point Pleasant, New Jersey, USA"
27,https://resizing.flixster.com/eiXM33M5-jos6OkZR5HJnY6SP0E=/218x280/v2/https://flxt.tmsimg.com/assets/234706_v9_bb.jpg,Matthew Goode,"Apr 3, 1978","Exeter, Devon, England, UK"
28,/assets/pizza-pie/images/poster_default.c8c896e70c3.gif,Alexis Floyd,Not Available,Not Available
29,https://resizing.flixster.com/L0V3qIV1shqL7SB-_jb3dVPYqQI=/218x280/v2/https://flxt.tmsimg.com/v9/AllPhotos/587180/587180_v9_bb.jpg,Ana de Armas,"Apr 30, 1988","Havana, Cuba"
30,https://resizing.flixster.com/mPY1-2z8tKScsVaq4xENBMvVDN8=/218x280/v2/https://flxt.tmsimg.com/v9/AllPhotos/532009/532009_v9_bb.jpg,Arian Moayed,"Apr 15, 1980",Iran
31,https://resizing.flixster.com/rhbmg6bS5P2raLf6ZorU9PgEcp0=/218x280/v2/https://flxt.tmsimg.com/v9/AllPhotos/519017/519017_v9_bc.jpg,Gemma Arterton,"Feb 2, 1986","Gravesend, Kent, England, UK"
32,https://resizing.flixster.com/1V6jFhoIVlsfM7GWElSzhmRtdwk=/218x280/v2/https://flxt.tmsimg.com/assets/1209177_v9_ba.jpg,Emma Mackey,"Jan 4, 1996","Le Mans, France"
33,https://resizing.flixster.com/b1lYlXFrk5nslNvW9jlqlr90nlY=/218x280/v2/https://flxt.tmsimg.com/v9/AllPhotos/620481/620481_v9_bb.jpg,Elizabeth Olsen,"Feb 16, 1989","Sherman Oaks, California, USA"
34,https://resizing.flixster.com/TDgqs5_wkp7gFDFYGgfI22v53bg=/218x280/v2/https://flxt.tmsimg.com/assets/290142_v9_ba.jpg,Minka Kelly,"Jun 24, 1980","Los Angeles, California, USA"
35,https://resizing.flixster.com/rL0vZsp7HAtp3Xmfx_JhdmN2bDs=/218x280/v2/https://flxt.tmsimg.com/assets/609607_v9_ba.jpg,Sophia Ali,"Nov 7, 1995","San Diego, California, USA"
36,https://resizing.flixster.com/jhodxiMC1F6f1YmR7mtw3XiJ3Hw=/218x280/v2/https://flxt.tmsimg.com/v9/AllPhotos/194/194_v9_bb.jpg,Kenneth Branagh,"Dec 10, 1960","Belfast, Northern Ireland, UK"
37,https://resizing.flixster.com/sjJpqfzq8gzKLEYDEzs1oTTgr5Y=/218x280/v2/https://flxt.tmsimg.com/v9/AllPhotos/506834/506834_v9_bc.jpg,Zoë Kravitz,"Dec 1, 1988","Los Angeles, California, USA"
38,https://resizing.flixster.com/YD7EiGPYLEte-V8Pf66aHv6H2hk=/218x280/v2/https://flxt.tmsimg.com/assets/1079882_v9_aa.jpg,Saamer Usmani,Not Available,Not Available
39,https://resizing.flixster.com/sdlVd4AcKql8ya-8X4f4Louqv60=/218x280/v2/https://flxt.tmsimg.com/assets/613372_v9_bb.jpg,Anders Holm,"May 29, 1981","Evanston, Illinois, USA"
40,https://resizing.flixster.com/nvCoXfvTbiSWSvoMnX6kdocsOtw=/218x280/v2/https://flxt.tmsimg.com/v9/AllPhotos/201017/201017_v9_ba.jpg,Kristin Kreuk,"Dec 30, 1982","Vancouver, British Columbia, Canada"
41,https://resizing.flixster.com/lRLirOJ-zMx7C0-gum7l8IZpv8Y=/218x280/v2/https://flxt.tmsimg.com/v9/AllPhotos/1175748/1175748_v9_ba.jpg,Alexa Demie,"Dec 11, 1990","Los Angeles, California, USA"
42,https://resizing.flixster.com/OnNTcvfT5Zt3yL4JlxWRMs3ZhRo=/218x280/v2/https://flxt.tmsimg.com/assets/505427_v9_bb.jpg,Maude Apatow,"Dec 15, 1997","Los Banos, California, USA"
43,https://resizing.flixster.com/HlcVXZIkLuKWrBR7dyWP7S2N7HM=/218x280/v2/https://flxt.tmsimg.com/assets/12584_v9_bb.jpg,Christina Ricci,"Feb 12, 1980","Santa Monica, California, USA"
44,https://resizing.flixster.com/eRzvVRuM5JFuo7ThaeUghwqo8Ug=/218x280/v2/https://flxt.tmsimg.com/assets/942601_v9_bb.jpg,Martin Sensmeier,"Jun 27, 1985","Anchorage, Alaska, USA"
45,https://resizing.flixster.com/tNXlSoGuPAMVJX6-zgAMOoFE7xY=/218x280/v2/https://flxt.tmsimg.com/assets/817181_v9_bb.jpg,Madison Iseman,"Feb 14, 1997","Myrtle Beach, South Carolina, USA"
46,https://resizing.flixster.com/oLH_wV91NS77R_lCoO8jo7hnDvQ=/218x280/v2/https://flxt.tmsimg.com/assets/46690_v9_ba.jpg,Ming-Na Wen,"Nov 20, 1963","Coloane Island, Macau"
47,https://resizing.flixster.com/GCTHPYEhp16-v8fgbRGBZemnVNM=/218x280/v2/https://flxt.tmsimg.com/assets/853751_v9_ba.jpg,Morfydd Clark,"Mar 17, 1989",Sweden
48,https://resizing.flixster.com/iSHHaUf25FS-kt6EZAuM9nVfR5A=/218x280/v2/https://flxt.tmsimg.com/v9/AllPhotos/562592/562592_v9_bb.jpg,Stephanie Beatriz,"Feb 10, 1981","Neuquén, Argentina"
49,https://resizing.flixster.com/4cquYXyvDpIFNrlLYJI_n5Y5iWs=/218x280/v2/https://flxt.tmsimg.com/assets/76543_v9_ba.jpg,Cole Hauser,"Mar 22, 1975","Santa Barbara, California, USA"
50,https://resizing.flixster.com/1E8oYqx7Da_ueZzl3GBMb3SOb-M=/218x280/v2/https://flxt.tmsimg.com/assets/74125_v9_bb.jpg,Denise Richards,"Feb 17, 1971","Downers Grove, Illinois, USA"
51,https://resizing.flixster.com/rO4tH7Fk_k1XflhA53ezN6MFhBM=/218x280/v2/https://flxt.tmsimg.com/v9/AllPhotos/57282/57282_v9_bb.jpg,Ryan Reynolds,"Oct 23, 1976","Vancouver, British Columbia, Canada"
52,https://resizing.flixster.com/XTcj5hiyruOoZzi3dR1LlsyxhM0=/218x280/v2/https://flxt.tmsimg.com/assets/275831_v9_bb.jpg,Jordan Peele,"Feb 21, 1979","New York, New York, USA"
53,https://resizing.flixster.com/vThRiE-oNohhcXd63cBUr1T5WyU=/218x280/v2/https://flxt.tmsimg.com/assets/555306_v9_bb.jpg,Jenny Slate,"Mar 25, 1982","Milton, Massachusetts, USA"
54,https://resizing.flixster.com/VJxHlELBSOzXgLDtgcdwyh6F5d8=/218x280/v2/https://flxt.tmsimg.com/assets/617359_v9_bb.jpg,Jodie Comer,"Mar 11, 1993","Liverpool, England, UK"
55,https://resizing.flixster.com/CnITTH_O8_97J1TEyAlvgv0w6ck=/218x280/v2/https://flxt.tmsimg.com/assets/75645_v9_ba.jpg,Jennifer Beals,"Dec 19, 1963","Chicago, Illinois, USA"
56,https://resizing.flixster.com/66OCUrs9Lhef8TSFiJjHCRGEnKc=/218x280/v2/https://flxt.tmsimg.com/v9/AllPhotos/267864/267864_v9_bb.jpg,Kristen Bell,"Jul 18, 1980","Huntington Woods, Michigan, USA"
57,https://resizing.flixster.com/4k6lyrswBmrxmb6jRnOcaQar0Rg=/218x280/v2/https://flxt.tmsimg.com/v9/AllPhotos/157705/157705_v9_ba.jpg,Mena Suvari,"Feb 13, 1979","Newport, Rhode Island, USA"
58,https://resizing.flixster.com/GaISa_nUOWmxO5flBqNZ9uyIkKM=/218x280/v2/https://flxt.tmsimg.com/assets/378_v9_bd.jpg,Tom Cruise,"Jul 3, 1962","Syracuse, New York, USA"
59,https://resizing.flixster.com/jX76HIgMgJglhrqSRyIcl1MBISg=/218x280/v2/https://flxt.tmsimg.com/assets/5692_v9_bb.jpg,Anthony Edwards,"Jul 19, 1962","Santa Barbara, California, USA"
60,https://resizing.flixster.com/PtHUfNVrGzddT287tYKPNksmjaY=/218x280/v2/https://flxt.tmsimg.com/v9/AllPhotos/535891/535891_v9_bc.jpg,Timothée Chalamet,"Dec 27, 1995","Manhattan, New York, USA"
61,https://resizing.flixster.com/POn3jF_r_raijAIMlMkynOcjX1Q=/218x280/v2/https://flxt.tmsimg.com/assets/182175_v9_bb.jpg,Kelly Reilly,"Jul 18, 1977","Surrey, England, UK"
62,https://resizing.flixster.com/ItDDQ0XV4Aej4Y_23p695gWhJlw=/218x280/v2/https://flxt.tmsimg.com/assets/287279_v9_bc.jpg,Renée Zellweger,"Apr 25, 1969","Katy, Texas, USA"
63,https://resizing.flixster.com/h6DxBfIbmXnGUyBx2VCiMXX010o=/218x280/v2/https://flxt.tmsimg.com/v9/AllPhotos/68580/68580_v9_bb.jpg,Jennifer Lopez,"Jul 24, 1969","Bronx, New York, USA"
64,https://resizing.flixster.com/Vgsv-htyHZW6WfWeiFU66kHyaaE=/218x280/v2/https://flxt.tmsimg.com/assets/1165835_v9_ba.jpg,Sophie Thatcher,Not Available,Not Available
65,https://resizing.flixster.com/K13mrYVfDpJenq7nTNXhS7_GT74=/218x280/v2/https://flxt.tmsimg.com/v9/AllPhotos/1240985/1240985_v9_ba.jpg,Barbie Ferreira,"Dec 14, 1996","Queens, New York, USA"
66,https://resizing.flixster.com/ShXi-X2CtcOzpAV7z9geP6SkW7s=/218x280/v2/https://flxt.tmsimg.com/v9/AllPhotos/75711/75711_v9_bc.jpg,Rhys Ifans,"Jul 22, 1967","Haverfordwest, Pembrokeshire, Wales, UK"
67,https://resizing.flixster.com/_g-Cnq6jnzs54aZL0sta626hjEo=/218x280/v2/https://flxt.tmsimg.com/v9/AllPhotos/250833/250833_v9_bb.jpg,Henry Cavill,"May 5, 1983","Jersey, Channel Islands"
68,https://resizing.flixster.com/u6Vxf_Zp8xiw8IzBHMsy_JoxRn8=/218x280/v2/https://flxt.tmsimg.com/assets/696890_v9_ba.jpg,Anna Hopkins,"Feb 12, 1987","Montreal, Quebec, Canada"
69,https://resizing.flixster.com/ZXsNSGUIaj_6W6CW9p2hiBEd1wc=/218x280/v2/https://flxt.tmsimg.com/assets/366064_v9_aa.jpg,Julia Fox,"Feb 2, 1990","Milan, Italy"
70,https://resizing.flixster.com/NkHLLUfBvunp7UlSLSWaN6Z0OcM=/218x280/v2/https://flxt.tmsimg.com/v9/AllPhotos/75936/75936_v9_bc.jpg,Temuera Morrison,"Dec 26, 1960","Rotorua, North Island, New Zealand"
71,https://resizing.flixster.com/MuOOh3g_swV9J29fNOxJKw9IdIE=/218x280/v2/https://flxt.tmsimg.com/v9/AllPhotos/74456/74456_v9_bb.jpg,Kelly Hu,"Feb 13, 1968","Honolulu, Hawaii, USA"
72,https://resizing.flixster.com/qkkrOuCVbtsAJlItSC_ETbyzcpc=/218x280/v2/https://flxt.tmsimg.com/assets/653777_v9_bb.jpg,Jenna Ortega,"Sep 27, 2002","Coachella Valley, California, USA"
73,https://resizing.flixster.com/AnLIq9_QdeQ5C9n9tCAUz_5UEBw=/218x280/v2/https://flxt.tmsimg.com/assets/62982_v9_bb.jpg,Tom Hanks,"Jul 9, 1956","Concord, California, USA"
74,https://resizing.flixster.com/6DK3La6nyFqWuDQRQzgU-bmDSss=/218x280/v2/https://flxt.tmsimg.com/assets/350_v9_bb.jpg,Jennifer Connelly,"Dec 12, 1970","Cairo, New York, USA"
75,https://resizing.flixster.com/P7LdImqG7ViTWo3QLYOcUqGeYqk=/218x280/v2/https://flxt.tmsimg.com/v9/AllPhotos/161316/161316_v9_ba.jpg,Corey Burton,"Aug 3, 1955","West Los Angeles, California, USA"
76,https://resizing.flixster.com/87PCTZ-zpwowP_ujQfFfb9O6vW4=/218x280/v2/https://flxt.tmsimg.com/v9/AllPhotos/286724/286724_v9_ba.jpg,Shailene Woodley,"Nov 15, 1991","Simi Valley, California, USA"
77,https://resizing.flixster.com/mmVmGatyKhJs1a3lARhSL0oaX2Y=/218x280/v2/https://flxt.tmsimg.com/v9/AllPhotos/68907/68907_v9_bb.jpg,Alanna Ubach,"Oct 3, 1975","Downey, California, USA"
78,https://resizing.flixster.com/d4tskrCwGSgi77atsNDQBX3YY6c=/218x280/v2/https://flxt.tmsimg.com/v9/AllPhotos/164843/164843_v9_bb.jpg,Timothy Olyphant,"May 20, 1968","Honolulu, Hawaii, USA"
79,https://resizing.flixster.com/2nAwYFlYxcbD29H4GSAEdwcvJyg=/218x280/v2/https://flxt.tmsimg.com/v9/AllPhotos/70375/70375_v9_bc.jpg,Cate Blanchett,"May 14, 1969","Melbourne, Victoria, Australia"
80,https://resizing.flixster.com/ZfLfx4KWQexIcxq2BCLPtBebRu0=/218x280/v2/https://flxt.tmsimg.com/assets/616832_v9_bb.jpg,Diane Guerrero,"Jul 21, 1986","Passaic, New Jersey, USA"
81,https://resizing.flixster.com/CuEpaG1_5NCUuGrLdPRPvx8FwLE=/218x280/v2/https://flxt.tmsimg.com/assets/666730_v9_ba.jpg,Mindy Robinson,"Feb 14, 1980","Fall River, Massachusetts, USA"
82,https://resizing.flixster.com/ywtF3q0l7HkRxTvWjBbbUszEN8w=/218x280/v2/https://flxt.tmsimg.com/assets/534862_v9_bc.jpg,Rachel Brosnahan,"Jul 12, 1990","Milwaukee, Wisconsin, USA"
83,https://resizing.flixster.com/_WMBACkzcg4y17_9aiGUawoF-ew=/218x280/v2/https://resizing.flixster.com/KLxcE36ZNENLC_23WoChmpOkvMA=/ems.ZW1zLXByZC1hc3NldHMvY2VsZWJyaXRpZXMvMzkzZTdmN2UtNDlhYi00NzllLWJlOTktZDVkYWU2ZWFmYzgwLmpwZw==,Scarlett Johansson,"Nov 22, 1984","New York, New York, USA"
84,https://resizing.flixster.com/Bbk4p-Hu7fKceeVYKbQQEbo8s3I=/218x280/v2/https://flxt.tmsimg.com/v9/AllPhotos/487714/487714_v9_bb.jpg,Robert Pattinson,"May 13, 1986","Barnes, London, England, UK"
85,https://resizing.flixster.com/P-1KzgFaUT3cKfQ2Y0tIA-nvkY0=/218x280/v2/https://flxt.tmsimg.com/assets/532761_v9_bc.jpg,Gal Gadot,"Apr 30, 1985","Rosh Ha'ayin, Israel"
86,https://resizing.flixster.com/28yTcCF6yznLdCKaRUK1b6PWDMg=/218x280/v2/https://flxt.tmsimg.com/v9/AllPhotos/57807/57807_v9_bb.jpg,Sandra Bullock,"Jul 26, 1964","Arlington, Virginia, USA"
87,https://resizing.flixster.com/oBh6IOZ7XUI7YQxB-MElO3QP-wA=/218x280/v2/https://flxt.tmsimg.com/v9/AllPhotos/506866/506866_v9_bc.jpg,Andrew Garfield,"Aug 20, 1983","Los Angeles, California, USA"
88,https://resizing.flixster.com/DH5XQ8SAmbmi1plAdwQgmgXJlmI=/218x280/v2/https://flxt.tmsimg.com/assets/493764_v9_bb.jpg,Haley Bennett,"Jan 7, 1988","Fort Myers, Florida, USA"
89,https://resizing.flixster.com/6rQzbs0LtwUVLn-7V8U1cbWrVmY=/218x280/v2/https://flxt.tmsimg.com/v9/AllPhotos/723292/723292_v9_bb.jpg,Rebecca Ferguson,"Oct 19, 1983","Stockholm, Sweden"
90,https://resizing.flixster.com/UwQPgxgSniMQSJ2dJOYO1-L9GyE=/218x280/v2/https://flxt.tmsimg.com/assets/43431_v9_ba.jpg,Mark Wahlberg,"Jun 5, 1971","Dorchester, Massachusetts, USA"
91,https://resizing.flixster.com/derO7QE7Nm3KbkZIBblcubAhXJM=/218x280/v2/https://flxt.tmsimg.com/assets/872667_v9_bb.jpg,Florence Pugh,"Jan 3, 1996","Oxford, Oxfordshire, England, UK"
92,https://resizing.flixster.com/dJ64JzzkOoCzntOzPf2W1kauops=/218x280/v2/https://flxt.tmsimg.com/assets/320382_v9_bb.jpg,Stephanie Leonidas,"Feb 14, 1984","London, England, UK"
93,https://resizing.flixster.com/0Nn-ZbvJIPgURwlfogoyWJDQi6M=/218x280/v2/https://flxt.tmsimg.com/v9/AllPhotos/269411/269411_v9_bc.jpg,Tom Hardy,"Sep 15, 1977","Hammersmith, London, England, UK"
94,https://resizing.flixster.com/Xrw1IJB_382JFolAf2jAKuJ5YDQ=/218x280/v2/https://flxt.tmsimg.com/v9/AllPhotos/1221619/1221619_v9_ba.jpg,Ava Michelle,Not Available,Not Available
95,https://resizing.flixster.com/SZHjuzmcO04JKHeHloi7F4-r5g0=/218x280/v2/https://flxt.tmsimg.com/v9/AllPhotos/1240990/1240990_v9_ba.jpg,Angus Cloud,"Jul 10, 1994","Oakland, California, USA"
96,https://resizing.flixster.com/avp6b1U0W4cK310HxfW_voT6IcM=/218x280/v2/https://flxt.tmsimg.com/assets/322712_v9_ba.jpg,Kelly Carlson,"Feb 17, 1976","Minneapolis, Minnesota, USA"
97,https://resizing.flixster.com/p4VOP9F9FPCwCeKhErAyMNcOca8=/218x280/v2/https://flxt.tmsimg.com/assets/1317513_v9_aa.jpg,Xochitl Gómez,Not Available,Not Available
98,https://resizing.flixster.com/XOqdSvFesIITbEjtRY2Kqsz1DxI=/218x280/v2/https://flxt.tmsimg.com/v9/AllPhotos/600790/600790_v9_bb.jpg,Rose Leslie,"Feb 9, 1987","Aberdeen, Scotland, UK"
99,https://resizing.flixster.com/YaMurgVjlRbBPbhvFgPLVAZoJVg=/218x280/v2/https://flxt.tmsimg.com/v9/AllPhotos/235135/235135_v9_ba.jpg,Dwayne Johnson,"May 2, 1972","Hayward, California, USA"
100,https://resizing.flixster.com/HTxOaccwqabK2pkR9nKXWzItYhk=/218x280/v2/https://flxt.tmsimg.com/v9/AllPhotos/525345/525345_v9_bb.jpg,Cassidy Freeman,"Apr 22, 1982","Chicago, Illinois, USA"
101,https://resizing.flixster.com/BaNthaRc3BNf7P9LeSkWKiOtd4c=/218x280/v2/https://flxt.tmsimg.com/v9/AllPhotos/515489/515489_v9_bc.jpg,Betty Gilpin,"Jul 21, 1986","New York, New York, USA"
102,https://resizing.flixster.com/80tXZlb6edax9bneoKLtIqlAePE=/218x280/v2/https://flxt.tmsimg.com/v9/AllPhotos/510415/510415_v9_bd.jpg,Hailee Steinfeld,"Dec 11, 1996","Tarzana, California, USA"
103,https://resizing.flixster.com/fTmkkK2g0AApV8vnSJHYszbolZ0=/218x280/v2/https://flxt.tmsimg.com/assets/1366_v9_bc.jpg,Brad Pitt,"Dec 18, 1963","Shawnee, Oklahoma, USA"
104,https://resizing.flixster.com/J2wt94aViCUIsgTX_Zv9dEDHJdY=/218x280/v2/https://flxt.tmsimg.com/v9/AllPhotos/425071/425071_v9_ba.jpg,Alexander Skarsgård,"Aug 25, 1976","Stockholm, Sweden"
105,https://resizing.flixster.com/dt-Q5T9JtuZOz2AjHhvDmonTZPs=/218x280/v2/https://flxt.tmsimg.com/v9/AllPhotos/494807/494807_v9_bb.jpg,Pedro Pascal,"Apr 2, 1975","Santiago, Chile"
106,https://resizing.flixster.com/1j1TbHDBmZlMb7qiY-HWkPZlA_w=/218x280/v2/https://flxt.tmsimg.com/assets/273671_v9_ba.jpg,Travis Fimmel,"Jul 15, 1979","Echuca, Victoria, Australia"
107,https://resizing.flixster.com/ZLsolPVAEJEhjRpc2F2FLb_EHO8=/218x280/v2/https://flxt.tmsimg.com/v9/AllPhotos/104/104_v9_bb.jpg,Jason Bateman,"Jan 14, 1969","Rye, New York, USA"
108,https://resizing.flixster.com/3qcJFBb0YlVLrV1tvGm6DK2qIwg=/218x280/v2/https://flxt.tmsimg.com/assets/152388_v9_bb.jpg,Melanie Lynskey,"May 16, 1977","New Plymouth, New Zealand"
109,https://resizing.flixster.com/-oBr-JpYaWJSn9UwQ37_lX_No5Q=/218x280/v2/https://flxt.tmsimg.com/v9/AllPhotos/1412/1412_v9_ba.jpg,Sam Raimi,"Oct 23, 1959","Royal Oak, Michigan, USA"
110,https://resizing.flixster.com/YwjJyHoQ2RwfxZw9eucJOqC7Clk=/218x280/v2/https://resizing.flixster.com/Z6QOyy3r0aONCRvlCXjbW7OPbNg=/ems.ZW1zLXByZC1hc3NldHMvY2VsZWJyaXRpZXMvOTVjNDE5NTktMmJiZC00NjIwLWI0NjItNjc5NDg4OGQ5NTFkLmpwZw==,Ashley Johnson,"Aug 9, 1983","Camarillo, California, USA"
111,https://resizing.flixster.com/Ie5E9fw47UbT6KGMi2LdqsCQUqw=/218x280/v2/https://flxt.tmsimg.com/assets/75411_v9_bb.jpg,Malcolm Goodwin,"Nov 28, 1982","Brooklyn, New York, USA"
112,https://resizing.flixster.com/0q1s8uq60MjEXiQYRB3kZ0tLcbo=/218x280/v2/https://flxt.tmsimg.com/assets/532661_v9_ba.jpg,Rooney Mara,"Apr 17, 1985","Bedford, New York, USA"
113,https://resizing.flixster.com/X9JnVUw2pVebgVUfmJXvvelmVPI=/218x280/v2/https://flxt.tmsimg.com/v9/AllPhotos/7386/7386_v9_bb.jpg,Baz Luhrmann,"Sep 17, 1962","New South Wales, Australia"
114,https://resizing.flixster.com/FHeZDfiS4ovRMJaeyRju4l1dumk=/218x280/v2/https://flxt.tmsimg.com/assets/859839_v9_bb.jpg,Olivia DeJonge,"Apr 30, 1998","Melbourne, Victoria, Australia"
115,https://resizing.flixster.com/w7TLtbFx_SXMKV2M66eOY49Z_IE=/218x280/v2/https://flxt.tmsimg.com/v9/AllPhotos/312027/312027_v9_bb.jpg,Katheryn Winnick,"Dec 17, 1977","Toronto, Ontario, Canada"
116,https://resizing.flixster.com/IpH7RYXgLsM3_EdCAFzkG-pgQpQ=/218x280/v2/https://flxt.tmsimg.com/assets/219003_v9_bb.jpg,Lisa Emery,"Jan 29, 1952","Pittsburgh, Pennsylvania, USA"
117,https://resizing.flixster.com/SbNkpDdbnrUoEqKgsknxSB34zCs=/218x280/v2/https://flxt.tmsimg.com/v9/AllPhotos/241649/241649_v9_ba.jpg,Cerina Vincent,"Feb 7, 1979","Las Vegas, Nevada, USA"
118,https://resizing.flixster.com/Vy9arYq3hf0gBMtyRNbeW5FoW1A=/218x280/v2/https://flxt.tmsimg.com/assets/812309_v9_bc.jpg,Maluma,"Jan 28, 1994","Medellín, Colombia"
119,https://resizing.flixster.com/D1zx5yVGKCDmFr5FZDi1P_wF-HA=/218x280/v2/https://resizing.flixster.com/_xl_66mOXlkYpfahIXOq2XcUpWs=/ems.ZW1zLXByZC1hc3NldHMvY2VsZWJyaXRpZXMvNWNjNjA3MTQtMGM2My00NTNhLWEyYjMtNGI1ZDc1YzQ2NzcyLmpwZw==,Bradley Cooper,"Jan 5, 1975","Philadelphia, Pennsylvania, USA"
120,https://resizing.flixster.com/w9CP3tNqxIKG5OzqiXbFb1b_Q0U=/218x280/v2/https://flxt.tmsimg.com/assets/76718_v9_ba.jpg,Jeff Perry,"Aug 16, 1955","Highland Park, Illinois, USA"
121,https://resizing.flixster.com/WaXAeiQWtJCNcSdE-2Tw0f9ZnU0=/218x280/v2/https://flxt.tmsimg.com/v9/AllPhotos/249/249_v9_bb.jpg,Kate Burton,"Sep 10, 1957","Geneva, Switzerland"
122,https://resizing.flixster.com/eqETT2oHuxLktnuo88AEvyyI5sw=/218x280/v2/https://flxt.tmsimg.com/v9/AllPhotos/321547/321547_v9_ba.jpg,Channing Tatum,"Apr 26, 1980","Cullman, Alabama, USA"
123,https://resizing.flixster.com/4YoeNfpIcBnP3YKEsqw6QKYSrt8=/218x280/v2/https://flxt.tmsimg.com/assets/1090711_v9_ba.jpg,Lia McHugh,"Nov 18, 2007","Pittsburgh, Pennsylvania, USA"
124,https://resizing.flixster.com/Ewc3oaHUEcLtfDXLtpH3cd47FdE=/218x280/v2/https://flxt.tmsimg.com/assets/491410_v9_ba.jpg,Julia Ling,"Feb 14, 1983","California, USA"
125,https://resizing.flixster.com/hVGcDzstHYg2wBW0Q1Azc_HeH98=/218x280/v2/https://flxt.tmsimg.com/v9/AllPhotos/273505/273505_v9_bb.jpg,Rachel McAdams,"Nov 17, 1978","London, Ontario, Canada"
126,https://resizing.flixster.com/eLXeiLLh1Cx8tgHOrcHCygCvpVM=/218x280/v2/https://flxt.tmsimg.com/assets/1037548_v9_ba.jpg,Harris Dickinson,"Jun 24, 1996","Leytonstone, England, UK"
127,https://resizing.flixster.com/e3COlCvHLzsdatwWR05Q-ciNcBY=/218x280/v2/https://flxt.tmsimg.com/assets/579067_v9_bb.jpg,Margot Robbie,"Jul 2, 1990","Dalby, Queensland, Australia"
128,/assets/pizza-pie/images/poster_default.c8c896e70c3.gif,Anna Smith,Not Available,Not Available
129,https://resizing.flixster.com/xWeF5zzYKYuV5nzvQ6SpgPbWswk=/218x280/v2/https://flxt.tmsimg.com/v9/AllPhotos/1650/1650_v9_ba.jpg,Will Smith,"Sep 25, 1968","Philadelphia, Pennsylvania, USA"
130,https://resizing.flixster.com/a2iTHPrLhTxXGYxjMFSxHbe-nCQ=/218x280/v2/https://flxt.tmsimg.com/v9/AllPhotos/29661/29661_v9_bb.jpg,Jane Seymour,"Feb 15, 1951","Hayes, Middlesex, England, UK"
131,https://resizing.flixster.com/6MnMNtw_BXuuSligpsPlw9nWeMA=/218x280/v2/https://resizing.flixster.com/3RTlw0tqtpGAOwyOLmAfxeIdHWE=/ems.ZW1zLXByZC1hc3NldHMvY2VsZWJyaXRpZXMvNDkzNGQ4MjQtMjM3ZS00MDFkLTk2NDgtM2JlZTlkMGVjYTZhLmpwZw==,Hannah Waddingham,"Jul 28, 1974","London, England, UK"
132,https://resizing.flixster.com/h9z2DrP9tritPLWBU7270b5_fq0=/218x280/v2/https://flxt.tmsimg.com/assets/174982_v9_bb.jpg,Alex Borstein,"Feb 15, 1971","Chicago, Illinois, USA"
133,https://resizing.flixster.com/m8YOztZ1wYcpmtwxnggQX6juFhg=/218x280/v2/https://flxt.tmsimg.com/v9/AllPhotos/1148978/1148978_v9_ba.jpg,Jacob Elordi,"Jun 26, 1997","Brisbane, Queensland, Australia"
134,https://resizing.flixster.com/1_6Vre0Tsf0QtkhxOamPMuE8Nog=/218x280/v2/https://flxt.tmsimg.com/assets/200419_v9_bb.jpg,Charlie Day,"Feb 9, 1976","New York, New York, USA"
135,https://resizing.flixster.com/sRR89R97lXpzSoVRv1fOp2nswn8=/218x280/v2/https://flxt.tmsimg.com/assets/494620_v9_bc.jpg,Joey King,"Jul 30, 1999","Los Angeles, California, USA"
136,/assets/pizza-pie/images/poster_default.c8c896e70c3.gif,John Mitchell,Not Available,Not Available
137,https://resizing.flixster.com/0ck6HtSOZyl2vgMnasf3TKaQ5Jo=/218x280/v2/https://flxt.tmsimg.com/v9/AllPhotos/46977/46977_v9_bc.jpg,Molly Ringwald,"Feb 18, 1968","Roseville, California, USA"
138,https://resizing.flixster.com/FWyrT_sycSfTS-t1uqLQge5avSo=/218x280/v2/https://flxt.tmsimg.com/v9/AllPhotos/548943/548943_v9_bc.jpg,Scott Eastwood,"Mar 21, 1986","Carmel, California, USA"
139,https://resizing.flixster.com/Ps0lRsukuSMeJSg6KVc1LZN3dPM=/218x280/v2/https://flxt.tmsimg.com/assets/499281_v9_bb.jpg,Maiara Walsh,"Feb 18, 1988","Seattle, Washington, USA"
140,https://resizing.flixster.com/7QhnFNqZtP_xpxjIdnUMkK-QyoU=/218x280/v2/https://flxt.tmsimg.com/v9/AllPhotos/579578/579578_v9_bb.jpg,Ella Purnell,"Sep 17, 1996","London, England, UK"
141,https://resizing.flixster.com/BCUTrUaQZKNaLJ-H-iPykDCYeG4=/218x280/v2/https://flxt.tmsimg.com/v9/AllPhotos/74682/74682_v9_ba.jpg,Owen Wilson,"Nov 18, 1968","Dallas, Texas, USA"
142,https://resizing.flixster.com/qUNR5muuBf0QvbmOIn_ZzjPl-YA=/218x280/v2/https://flxt.tmsimg.com/v9/AllPhotos/13461/13461_v9_ba.jpg,Clint Eastwood,"May 31, 1930","San Francisco, California, USA"
143,https://resizing.flixster.com/WCPAeXTGNoXKmfpNzA831XUlvb8=/218x280/v2/https://flxt.tmsimg.com/assets/35206_v9_ba.jpg,Julie Strain,"Feb 18, 1962","Concord, California, USA"
144,https://resizing.flixster.com/KVU8NCMGl5ovIW7lVrgdIMya1Co=/218x280/v2/https://flxt.tmsimg.com/v9/AllPhotos/1443/1443_v9_bc.jpg,Keanu Reeves,"Sep 2, 1964","Beirut, Lebanon"
145,https://resizing.flixster.com/t1cj95x9B8-ZkJ9jpUFA2zNO3bg=/218x280/v2/https://flxt.tmsimg.com/assets/52809_v9_ba.jpg,Ralph Fiennes,"Dec 22, 1962","Ipswich, Suffolk, England, UK"
146,https://resizing.flixster.com/u_ICduDwP_ufec3iIrRQu0yR34k=/218x280/v2/https://flxt.tmsimg.com/assets/264697_v9_bb.jpg,Amy Sedaris,"Mar 29, 1961","Endicott, New York, USA"
147,https://resizing.flixster.com/eegcWrRRrJg-L6YiG0THiWaDCdo=/218x280/v2/https://flxt.tmsimg.com/assets/540190_v9_bb.jpg,Léa Seydoux,"Jul 1, 1985","Paris, Île-de-France, France"
148,https://resizing.flixster.com/5ly_VTjrEyjhnbcq7CqVlym5wV4=/218x280/v2/https://flxt.tmsimg.com/v9/AllPhotos/545092/545092_v9_bb.jpg,Annabelle Wallis,"Sep 5, 1984","Oxford, Oxfordshire, England, UK"
149,https://resizing.flixster.com/khHYxUK3By4NHrAq0ZosQWgEzM4=/218x280/v2/https://flxt.tmsimg.com/v9/AllPhotos/70442/70442_v9_bc.jpg,Alex Meneses,"Feb 12, 1965","Chicago, Illinois, USA"
150,https://resizing.flixster.com/ea--UwXRAxkG7yPSSSHL2nBYeQ8=/218x280/v2/https://flxt.tmsimg.com/v9/AllPhotos/269690/269690_v9_bb.jpg,Rosamund Pike,"Jan 27, 1979","Hammersmith, London, England, UK"
151,https://resizing.flixster.com/FaTV5jt-BWP12IPZixHoV2dJJso=/218x280/v2/https://flxt.tmsimg.com/v9/AllPhotos/1294902/1294902_v9_ba.jpg,Freya Allan,Not Available,Not Available
152,https://resizing.flixster.com/Enk25djfC5wItXiV53w6E9Z0hbM=/218x280/v2/https://flxt.tmsimg.com/assets/784027_v9_bb.jpg,Jessie Buckley,"Dec 28, 1988","Killarney, Ireland"
153,https://resizing.flixster.com/apI-Le_Tr64jVFyx6qeBXTPS63c=/218x280/v2/https://flxt.tmsimg.com/v9/AllPhotos/172464/172464_v9_bb.jpg,Rosario Dawson,"May 9, 1979","New York, New York, USA"
154,https://resizing.flixster.com/op_jeUJGAheMY7KpSmHSSpulrdw=/218x280/v2/https://flxt.tmsimg.com/assets/1182946_v9_ba.jpg,Anya Chalotra,Not Available,Not Available
155,https://resizing.flixster.com/p13YDAV7jfTHul8Rp-D3C6thr_0=/218x280/v2/https://flxt.tmsimg.com/assets/740917_v9_bc.jpg,Millie Bobby Brown,"Feb 19, 2004","Málaga, Andalucía, Spain"
156,https://resizing.flixster.com/22fYuJMgHLk7NeCoUET4DLA0l0s=/218x280/v2/https://flxt.tmsimg.com/assets/590955_v9_bc.jpg,Taika Waititi,"Aug 16, 1975","Raukokore, New Zealand"
157,https://resizing.flixster.com/sXKvYK82VrTs77tpuBHsAPzSKKM=/218x280/v2/https://flxt.tmsimg.com/assets/505342_v9_bb.jpg,Nina Dobrev,"Jan 9, 1989","Sofia, Bulgaria"
158,https://resizing.flixster.com/5LHmmf3e0VpyFMX8SyDosNGLe2o=/218x280/v2/https://flxt.tmsimg.com/v9/AllPhotos/716722/716722_v9_bb.jpg,Caitriona Balfe,"Oct 4, 1979","Dublin, Ireland"
159,https://resizing.flixster.com/2RnqHpM8CJ_w1VS5BBUY0GK_vfk=/218x280/v2/https://flxt.tmsimg.com/v9/AllPhotos/553839/553839_v9_bb.jpg,Tom Bateman,"Mar 15, 1989","Oxford, England, UK"
160,https://resizing.flixster.com/4c8ToPKuwfehEGT1LwRuFWfVphs=/218x280/v2/https://flxt.tmsimg.com/v9/AllPhotos/302714/302714_v9_bc.jpg,Justin Bruening,"Sep 24, 1979","St. Helena, Nebraska, USA"
161,https://resizing.flixster.com/QO5tlNn-qRs6KFGL3kxxOE97xws=/218x280/v2/https://resizing.flixster.com/cC6XnKIyYy7D9Zy-44xy0puWxEA=/ems.ZW1zLXByZC1hc3NldHMvY2VsZWJyaXRpZXMvMmNmZmE3MDQtMzE5ZS00MDE2LTlmYzYtOTUyZWMzMzAwNzBlLmpwZw==,Jennifer Lawrence,"Aug 15, 1990","Louisville, Kentucky, USA"
162,https://resizing.flixster.com/bkz-_Js7opi4ALYp42zrf3NB86s=/218x280/v2/https://flxt.tmsimg.com/v9/AllPhotos/258/258_v9_bb.jpg,Nicolas Cage,"Jan 7, 1964","Long Beach, California, USA"
163,https://resizing.flixster.com/KV-nxsq8-KdmJf0owwzYZiAqdC8=/218x280/v2/https://flxt.tmsimg.com/v9/AllPhotos/2255/2255_v9_bb.jpg,Adam Sandler,"Sep 9, 1966","Brooklyn, New York, USA"
164,https://resizing.flixster.com/y4iF6ZJDe5oU1vnv3d_xI-C29yc=/218x280/v2/https://flxt.tmsimg.com/assets/168000_v9_bb.jpg,Walton Goggins,"Nov 10, 1971","Birmingham, Alabama, USA"
165,https://resizing.flixster.com/oIZv0H3tX5jBe1orCzSxAIBtDJI=/218x280/v2/https://flxt.tmsimg.com/assets/249613_v9_bc.jpg,Kristen Stewart,"Apr 9, 1990","Los Angeles, California, USA"
166,https://resizing.flixster.com/fHG1M1cxKN5A_4Jw8KQGqqsAQaw=/218x280/v2/https://flxt.tmsimg.com/v9/AllPhotos/25663/25663_v9_ba.jpg,Harold Ramis,"Nov 21, 1944","Chicago, Illinois, USA"
167,https://resizing.flixster.com/IEfRalk-kWGR-mb7ge1zLhTfQwI=/218x280/v2/https://flxt.tmsimg.com/v9/AllPhotos/487578/487578_v9_ba.jpg,John Cena,"Apr 23, 1977","West Newbury, Massachusetts, USA"
168,https://resizing.flixster.com/go9dLVj757snCaSwbhmW-xi4GI4=/218x280/v2/https://flxt.tmsimg.com/v9/AllPhotos/634989/634989_v9_ba.jpg,Dina Shihabi,Not Available,"Riyadh, Saudi Arabia"
169,https://resizing.flixster.com/587YQksue3yhhxFVR3yjMasZbVg=/218x280/v2/https://flxt.tmsimg.com/v9/AllPhotos/74092/74092_v9_bb.jpg,Jared Leto,"Dec 26, 1971","Bossier City, Louisiana, USA"
170,https://resizing.flixster.com/EsDNREtix6WtQuxULT7TePK6Ebw=/218x280/v2/https://flxt.tmsimg.com/assets/765421_v9_bb.jpg,Taron Egerton,"Nov 10, 1989","Birkenhead, Cheshire, England, UK"
171,https://resizing.flixster.com/6lr1Q4-8YkzhdsFya1Kyde9Vass=/218x280/v2/https://flxt.tmsimg.com/v9/AllPhotos/609778/609778_v9_bb.jpg,Natalie Morales,"Feb 15, 1985","Kendall, Florida, USA"
172,https://resizing.flixster.com/wHfnYd06HR-OwTCSm0nE9gv4pn4=/218x280/v2/https://flxt.tmsimg.com/assets/168173_v9_bb.jpg,Chelsea Hobbs,"Feb 18, 1984","Vancouver, British Columbia, Canada"
173,https://resizing.flixster.com/ydNrT3SFzBoM4lk1T2vUGaYgtq4=/218x280/v2/https://flxt.tmsimg.com/assets/71283_v9_bb.jpg,Laura Linney,"Feb 5, 1964","New York, New York, USA"
174,https://resizing.flixster.com/ffQ7LPymfh5IV1dr0CCWfHIFgak=/218x280/v2/https://flxt.tmsimg.com/assets/33623_v9_bc.jpg,Johnny Depp,"Jun 9, 1963","Owensboro, Kentucky, USA"
175,https://resizing.flixster.com/-w3ptmYbkhJvrV14XcMU8Hmgxck=/218x280/v2/https://flxt.tmsimg.com/v9/AllPhotos/660490/660490_v9_bb.jpg,Rainey Qualley,"Mar 11, 1990","New York, New York, USA"
176,https://resizing.flixster.com/SyeNGQGqjWnqGLkVxMgIViQfxzI=/218x280/v2/https://flxt.tmsimg.com/assets/1221620_v9_ba.jpg,Luke Eisner,Not Available,Not Available
177,https://resizing.flixster.com/fu4WXdUt4xY6IsXW7cIs22NxsTY=/218x280/v2/https://flxt.tmsimg.com/v9/AllPhotos/572089/572089_v9_bc.jpg,Karen Gillan,"Nov 28, 1987","Inverness, Scotland, UK"
178,https://resizing.flixster.com/O9RVnezKfgOSWdYQXJpDkTQT-e4=/218x280/v2/https://flxt.tmsimg.com/v9/AllPhotos/7530/7530_v9_bb.jpg,Ben Affleck,"Aug 15, 1972","Berkeley, California, USA"
179,https://resizing.flixster.com/Mx09sTazguirhOS_4ZV1S9QUayI=/218x280/v2/https://flxt.tmsimg.com/assets/492119_v9_bb.jpg,Jessica Chastain,"Mar 24, 1977","Sacramento, California, USA"
180,https://resizing.flixster.com/FJ4e5Scnw5RI__EnSBQ5D4DZDUM=/218x280/v2/https://flxt.tmsimg.com/v9/AllPhotos/16490/16490_v9_bb.jpg,Denzel Washington,"Dec 28, 1954","Mount Vernon, New York, USA"
181,https://resizing.flixster.com/yq9kpDQBE-YEt8VUqRsLjW8A8gw=/218x280/v2/https://flxt.tmsimg.com/assets/738434_v9_bc.jpg,Barry Keoghan,"Oct 17, 1992","Dublin, Ireland"
182,https://resizing.flixster.com/YbeJa7coG7k-U5DUQd8_RVmkfOE=/218x280/v2/https://flxt.tmsimg.com/assets/302753_v9_bb.jpg,Keke Palmer,"Aug 26, 1993","Harvey, Illinois, USA"
183,https://resizing.flixster.com/dpI-g-9p6W_Nlhc2f0-cwEmM00Q=/218x280/v2/https://flxt.tmsimg.com/assets/249381_v9_bb.jpg,Chris Pratt,"Jun 21, 1979","Virginia, Minnesota, USA"
184,https://resizing.flixster.com/9iIgE6ufzZHD6jDyyPB2C-RecQw=/218x280/v2/https://flxt.tmsimg.com/v9/AllPhotos/489802/489802_v9_bb.jpg,Dichen Lachman,"Feb 22, 1982","Kathmandu, Nepal"
185,https://resizing.flixster.com/K1ryKZnWh98Kbt0pfZGidMcpfUo=/218x280/v2/https://flxt.tmsimg.com/v9/AllPhotos/236083/236083_v9_bb.jpg,Cillian Murphy,"May 25, 1976","Douglas, Cork, Ireland"
186,https://resizing.flixster.com/SPWsNvCTKqQS6zeqOH1JrKiH6vM=/218x280/v2/https://flxt.tmsimg.com/v9/AllPhotos/505553/505553_v9_bb.jpg,Nazanin Boniadi,"May 22, 1980","Tehran, Iran"
187,https://resizing.flixster.com/RLNvG0mqQN6nTBpgA4KXHMWduBg=/218x280/v2/https://flxt.tmsimg.com/v9/AllPhotos/174737/174737_v9_ba.jpg,Eric Dane,"Nov 9, 1972","San Francisco, California, USA"
188,https://resizing.flixster.com/0lwW4Agc3-CZYMMIdaiA-9IYIF8=/218x280/v2/https://flxt.tmsimg.com/v9/AllPhotos/48020/48020_v9_bb.jpg,Neve Campbell,"Oct 3, 1973","Guelph, Ontario, Canada"
189,https://resizing.flixster.com/5-qiUXY-GkZcE0Z3uOsqdQIe72c=/218x280/v2/https://flxt.tmsimg.com/assets/504570_v9_ba.jpg,Emily Swallow,"Dec 18, 1979","Washington, D.C., USA"
190,https://resizing.flixster.com/XpPYc30sp9f6lqOYaWbalX9Mj0I=/218x280/v2/https://flxt.tmsimg.com/v9/AllPhotos/505244/505244_v9_bb.jpg,Yvonne Strahovski,"Jul 30, 1982","Maroubra, Sydney, New South Wales, Australia"
191,https://resizing.flixster.com/0KLn0vzWHkruykfIKuXZLerKvZI=/218x280/v2/https://flxt.tmsimg.com/v9/AllPhotos/1236/1236_v9_bb.jpg,Liam Neeson,"Jun 7, 1952","Ballymena, Northern Ireland, UK"
192,https://resizing.flixster.com/tWb--gljTe0E0ySfUZGfC4ecgac=/218x280/v2/https://flxt.tmsimg.com/assets/9653_v9_bb.jpg,Bruce Willis,"Mar 19, 1955","Idar-Oberstein, West Germany"
193,https://resizing.flixster.com/_RDddCjxNcBXa8RNnbM76im4WDs=/218x280/v2/https://flxt.tmsimg.com/assets/239991_v9_bb.jpg,Brooke D'Orsay,"Feb 17, 1982","Toronto, Ontario, Canada"
194,https://resizing.flixster.com/sAnQDgPHlZ4HigSW-6mhHA54rac=/218x280/v2/https://flxt.tmsimg.com/assets/248006_v9_bb.jpg,Jenna Fischer,"Mar 7, 1974","Fort Wayne, Indiana, USA"
195,https://resizing.flixster.com/RxAqXYMU0LwcgWA3mBdXBpcgq58=/218x280/v2/https://flxt.tmsimg.com/assets/511594_v9_ba.jpg,Armie Hammer,"Aug 28, 1986","Los Angeles, California, USA"
196,https://resizing.flixster.com/FZa1A06zymEnJS6f8gh36AzR8gw=/218x280/v2/https://flxt.tmsimg.com/v9/AllPhotos/50226/50226_v9_bb.jpg,Patrick Stewart,"Jul 13, 1940","Mirfield, Yorkshire, England, UK"
197,https://resizing.flixster.com/nKAFq_tLGwLcpcXLJzfgeR4fNkA=/218x280/v2/https://flxt.tmsimg.com/assets/1717861_v9_ba.jpg,Jabari Banks,Not Available,Not Available
198,https://resizing.flixster.com/iTU1djCIpA36JykrSkcS6_rfKcI=/218x280/v2/https://flxt.tmsimg.com/v9/AllPhotos/155555/155555_v9_ba.jpg,Connie Nielsen,"Jul 3, 1965","Elling, Frederikshavn, Denmark"
199,https://resizing.flixster.com/b9apwirHuhy9msXe_AMR7auL_2I=/218x280/v2/https://flxt.tmsimg.com/assets/1798_v9_ba.jpg,John Travolta,"Feb 18, 1954","Englewood, New Jersey, USA"
200,https://resizing.flixster.com/jney71kcxhs1l6HS7cbOrrqrZLc=/218x280/v2/https://flxt.tmsimg.com/v9/AllPhotos/71364/71364_v9_bb.jpg,Natalie Portman,"Jun 9, 1981","Jerusalem, Israel"
201,https://resizing.flixster.com/riobj5nJwJK3iFfGGt3xatCfOio=/218x280/v2/https://flxt.tmsimg.com/v9/AllPhotos/576959/576959_v9_bb.jpg,Elsie Kate Fisher,"Apr 3, 2003","California, USA"
202,https://resizing.flixster.com/1U3XVsD1ziru-2FpdFfUzRQgE2E=/218x280/v2/https://flxt.tmsimg.com/assets/327103_v9_bb.jpg,Sofia Boutella,"Apr 3, 1982","Bab El Oued, Algiers, Algeria"
203,https://resizing.flixster.com/R91R-eh9KXUa3YjLyMgpYU6Ks7A=/218x280/v2/https://flxt.tmsimg.com/v9/AllPhotos/44410/44410_v9_bb.jpg,Matthew McConaughey,"Nov 4, 1969","Uvalde, Texas, USA"
204,https://resizing.flixster.com/IFamjhEhPKX3RM0dAL0ueKMW7p0=/218x280/v2/https://flxt.tmsimg.com/v9/AllPhotos/904895/904895_v9_ba.jpg,Sarah Yarkin,Not Available,Not Available
205,https://resizing.flixster.com/oUSkI1-fpyWuy3PNyXMQ-eejb8Y=/218x280/v2/https://flxt.tmsimg.com/v9/AllPhotos/136434/136434_v9_ba.jpg,Olwen Fouéré,Not Available,Not Available
206,https://resizing.flixster.com/ADODhvoksdTLlP6oMvLvyHh_m-k=/218x280/v2/https://flxt.tmsimg.com/assets/516600_v9_bb.jpg,Taylor Schilling,"Jul 27, 1984","Boston, Massachusetts, USA"
207,https://resizing.flixster.com/_l04hPcN2F15NEE7H4fHBiVbY5o=/218x280/v2/https://flxt.tmsimg.com/v9/AllPhotos/78197/78197_v9_ba.jpg,Paul W.S. Anderson,"Mar 4, 1965","Newcastle-upon-Tyne, England, UK"
208,https://resizing.flixster.com/zfjYaARBWyCDemHAo7d1RMOeReI=/218x280/v2/https://flxt.tmsimg.com/v9/AllPhotos/163510/163510_v9_ba.jpg,Jake Gyllenhaal,"Dec 19, 1980","Los Angeles, California, USA"
209,https://resizing.flixster.com/jOluM70c43Mdaf15QvW76ANKy7k=/218x280/v2/https://flxt.tmsimg.com/v9/AllPhotos/742341/742341_v9_aa.jpg,Niamh Algar,Not Available,Ireland
210,https://resizing.flixster.com/rPerHWCU6nMDJwBhHd_q7WDcZ-s=/218x280/v2/https://flxt.tmsimg.com/assets/626907_v9_bc.jpg,Alicia Vikander,"Oct 3, 1988","Gothenburg, Västra Götalands län, Sweden"
211,https://resizing.flixster.com/uCx4VPTSUhbx4uIkjCCdB_ePZO4=/218x280/v2/https://flxt.tmsimg.com/v9/AllPhotos/319974/319974_v9_bb.jpg,David Pasquesi,"Dec 23, 1960","Chicago, Illinois, USA"
212,https://resizing.flixster.com/s4JamsDkZzOe9SqXUT8EUIkIeq8=/218x280/v2/https://flxt.tmsimg.com/assets/246134_v9_bb.jpg,Sarah Lancaster,"Feb 12, 1980","Kansas City, Kansas, USA"
213,https://resizing.flixster.com/vhiQDnsAC5b2NFwSAdDp4dV9PN0=/218x280/v2/https://flxt.tmsimg.com/assets/317159_v9_ba.jpg,Genelle Williams,"Feb 18, 1984","Toronto, Ontario, Canada"
214,https://resizing.flixster.com/JuK7_e6Ggdn9PkmMoZN-ZjalNfQ=/218x280/v2/https://flxt.tmsimg.com/assets/506565_v9_ba.jpg,Luke Grimes,"Jan 21, 1984","Dayton, Ohio, USA"
215,https://resizing.flixster.com/5S0r0OirKnhnFE5i_d_beWkF248=/218x280/v2/https://flxt.tmsimg.com/v9/AllPhotos/36765/36765_v9_ba.jpg,Keri Russell,"Mar 23, 1976","Fountain Valley, California, USA"
216,https://resizing.flixster.com/2fznFTK6_PXRrV5hPrccLXIJaPk=/218x280/v2/https://flxt.tmsimg.com/v9/AllPhotos/287442/287442_v9_ba.jpg,Brea Bee,"Feb 15, 1975","Philadelphia, Pennsylvania, USA"
217,/assets/pizza-pie/images/poster_default.c8c896e70c3.gif,Amanda Collin,"Mar 4, 1986",Denmark
218,https://resizing.flixster.com/a2k6nl2I7PphvniQ4Xgpyu2AtG8=/218x280/v2/https://flxt.tmsimg.com/assets/12441_v9_bb.jpg,Christian Bale,"Jan 30, 1974","Haverfordwest, Pembrokeshire, Wales, UK"
219,https://resizing.flixster.com/vGoAztGbNhtn4fHBTPsPmdAGSfk=/218x280/v2/https://flxt.tmsimg.com/assets/669079_v9_bb.jpg,Annie Murphy,"Dec 19, 1986","Ottawa, Ontario, Canada"
220,https://resizing.flixster.com/q7X6QKY0lYFwzpeaQVhE-jEejIc=/218x280/v2/https://flxt.tmsimg.com/v9/AllPhotos/310071/310071_v9_ba.jpg,Olivia Wilde,"Mar 10, 1984","New York, New York, USA"
221,https://resizing.flixster.com/CQ2QibOhOmG7sVD3Ifd5WBcj6_8=/218x280/v2/https://flxt.tmsimg.com/assets/308909_v9_bb.jpg,John Krasinski,"Oct 20, 1979","Newton, Massachusetts, USA"
222,https://resizing.flixster.com/FvfBdUnPznBBYDZN5zHSNYf3f6c=/218x280/v2/https://flxt.tmsimg.com/assets/220925_v9_bc.jpg,Malin Akerman,"May 12, 1978","Stockholm, Sweden"
223,https://resizing.flixster.com/Pc8kgy3f2JmYDu0QE5hw5TZ_ln8=/218x280/v2/https://flxt.tmsimg.com/v9/AllPhotos/230637/230637_v9_bc.jpg,Kat Dennings,"Jun 13, 1986","Philadelphia, Pennsylvania, USA"
224,https://resizing.flixster.com/q1KRPEWslbM8HXsbW0Ao9gXH8zE=/218x280/v2/https://flxt.tmsimg.com/v9/AllPhotos/576683/576683_v9_aa.jpg,Sam Claflin,"Jun 27, 1986","Ipswich, Suffolk, England, UK"
225,https://resizing.flixster.com/l_KrDWwK_EQeFRS44IWcXGzDbeQ=/218x280/v2/https://flxt.tmsimg.com/v9/AllPhotos/516235/516235_v9_bb.jpg,Gina Carano,"Apr 16, 1982","Dallas, Texas, USA"
226,https://resizing.flixster.com/QBB1Z12NXyEO7slXLRSd-rLIc5M=/218x280/v2/https://flxt.tmsimg.com/v9/AllPhotos/33104/33104_v9_bc.jpg,John Leguizamo,"Jul 22, 1964","Bogotá, Colombia"
227,https://resizing.flixster.com/-r2p7m1meNbfMfhlob_q3SkX18M=/218x280/v2/https://flxt.tmsimg.com/v9/AllPhotos/774777/774777_v9_ba.jpg,Alisha Wainwright,"Jul 14, 1989","Florida, USA"
228,https://resizing.flixster.com/Q09X3RysYhqWQ2TkOzIaWa_lxVY=/218x280/v2/https://flxt.tmsimg.com/assets/986260_v9_ba.jpg,Robert Aramayo,"Nov 7, 1992","Hull, England, UK"
229,https://resizing.flixster.com/gzLUjoCaiDF2cFYLjf96ZNSc-Mc=/218x280/v2/https://flxt.tmsimg.com/v9/AllPhotos/68310/68310_v9_bb.jpg,Charlize Theron,"Aug 7, 1975","Benoni, Gauteng, South Africa"
230,/assets/pizza-pie/images/poster_default.c8c896e70c3.gif,Tommy Lee,"Feb 19, 1901","Los Angeles, California, USA"
231,https://resizing.flixster.com/JWVK3-4qguX8qo-g6uTKCxXhC9o=/218x280/v2/https://flxt.tmsimg.com/v9/AllPhotos/62547/62547_v9_ba.jpg,Tim Guinee,"Nov 18, 1962","Los Angeles, California, USA"
232,https://resizing.flixster.com/j5blWBujTDLOzmUuGIImTKpePJo=/218x280/v2/https://flxt.tmsimg.com/assets/1662166_v9_aa.jpg,Louisa Jacobson,"Jun 12, 1991","Los Angeles, California, USA"
233,https://resizing.flixster.com/yz3nEdLcfzFM8X52DRZBrz4PX8Y=/218x280/v2/https://flxt.tmsimg.com/assets/267214_v9_ba.jpg,Paul Dano,"Jun 19, 1984","New York, New York, USA"
234,https://resizing.flixster.com/BDSJ44YnnbEVBINAUThSq-7_1zI=/218x280/v2/https://flxt.tmsimg.com/v9/AllPhotos/166666/166666_v9_ba.jpg,Najwa Nimri,"Feb 14, 1972","Pamplona, Spain"
235,https://resizing.flixster.com/flEKIlpyFuh8iWMadrEb3qIRGvI=/218x280/v2/https://flxt.tmsimg.com/assets/434900_v9_bb.jpg,Milana Vayntrub,"Mar 8, 1987","Tashkent, Uzbekistan"
236,https://resizing.flixster.com/kSaLCjlaKmEUGErXPXxqcHh_Bc8=/218x280/v2/https://flxt.tmsimg.com/v9/AllPhotos/168053/168053_v9_bb.jpg,Amy Adams,"Aug 20, 1974","Vicenza, Veneto, Italy"
237,https://resizing.flixster.com/NVjY_FlseNGgXK2yiRwJ1a0RVvA=/218x280/v2/https://flxt.tmsimg.com/v9/AllPhotos/67855/67855_v9_bb.jpg,Tim McGraw,"May 1, 1967","Delhi, Louisiana, USA"
238,https://resizing.flixster.com/4co408BoxdWuB6dzcQt8jVJBeWY=/218x280/v2/https://flxt.tmsimg.com/assets/308644_v9_bb.jpg,Chloë Grace Moretz,"Feb 10, 1997","Atlanta, Georgia, USA"
239,https://resizing.flixster.com/QuQiiP3Hxl6z7thFUQdPeQ05_z0=/218x280/v2/https://flxt.tmsimg.com/assets/70808_v9_bc.jpg,Steven Soderbergh,"Jan 14, 1963","Atlanta, Georgia, USA"
240,https://resizing.flixster.com/oWnTsrwPUJ1TS3u8cbSBqQMihiw=/218x280/v2/https://flxt.tmsimg.com/assets/230638_v9_ba.jpg,Brie Larson,"Oct 1, 1989","Sacramento, California, USA"
241,https://resizing.flixster.com/x99x7J6wANJHyFgcPISNhx_5jek=/218x280/v2/https://flxt.tmsimg.com/v9/AllPhotos/679359/679359_v9_bc.jpg,Eiza González,"Jan 30, 1990","Mexico City, Distrito Federal, Mexico"
242,https://resizing.flixster.com/bP_GsZzHUjuMeqWkwk_cUpxqiT4=/218x280/v2/https://flxt.tmsimg.com/assets/167023_v9_bb.jpg,Seth Rogen,"Apr 15, 1982","Vancouver, British Columbia, Canada"
243,https://resizing.flixster.com/aYQmLSfE3lIdygB1RBt35glAS5M=/218x280/v2/https://flxt.tmsimg.com/v9/AllPhotos/78956/78956_v9_bb.jpg,Lochlyn Munro,"Feb 12, 1966","Lac La Hache, British Columbia, Canada"
244,https://resizing.flixster.com/J_AT3PtnvYkZIVMXyiPbkJDztoI=/218x280/v2/https://flxt.tmsimg.com/assets/565153_v9_bc.jpg,Gemma Chan,"Nov 29, 1982","London, England, UK"
245,https://resizing.flixster.com/cmHueFbY_OzTk7puEDWbsNPLoSQ=/218x280/v2/https://flxt.tmsimg.com/v9/AllPhotos/259192/259192_v9_ba.jpg,Nicholas Hoult,"Dec 7, 1989","Wokingham, Berkshire, England, UK"
246,https://resizing.flixster.com/M0olAAXpCn7s_BTkm_iHNytIKWg=/218x280/v2/https://flxt.tmsimg.com/v9/AllPhotos/233377/233377_v9_bb.jpg,Christopher Nolan,"Jul 30, 1970","London, England, UK"
247,https://resizing.flixster.com/qdiQXyEk9fPDIDjpdZf_o95TyMs=/218x280/v2/https://flxt.tmsimg.com/assets/1076960_v9_ba.jpg,Tati Gabrielle,Not Available,"Bay Area of California, USA"
248,https://resizing.flixster.com/CaxCUt78PgQN4Qv2f4MKng-Eup0=/218x280/v2/https://flxt.tmsimg.com/assets/552822_v9_bc.jpg,Lily Collins,"Mar 18, 1989","Guildford, Surrey, England, UK"
249,https://resizing.flixster.com/3wxnUr2f2w87EcwYtgxNQlykVF0=/218x280/v2/https://flxt.tmsimg.com/v9/AllPhotos/162494/162494_v9_bb.jpg,Wes Anderson,"May 1, 1969","Houston, Texas, USA"
250,https://resizing.flixster.com/cR7vvDZK1Oof5xyydBjffGPUBF8=/218x280/v2/https://flxt.tmsimg.com/v9/AllPhotos/52431/52431_v9_bb.jpg,Quentin Tarantino,"Mar 27, 1963","Knoxville, Tennessee, USA"
251,https://resizing.flixster.com/hr-6tO6WAjNHuQqqm6XSqMt05os=/218x280/v2/https://flxt.tmsimg.com/assets/647457_v9_bb.jpg,Britt Lower,"Aug 2, 1985","Heyworth, Illinois, United States"
252,https://resizing.flixster.com/onupHEoGr8HlbDPv9tDGtomxVQM=/218x280/v2/https://flxt.tmsimg.com/assets/172193_v9_bb.jpg,Sarah Wynter,"Feb 15, 1973","Newcastle, New South Wales, Australia"
253,https://resizing.flixster.com/14tFABcQbpZpbtI6dFrvDmUVoEY=/218x280/v2/https://flxt.tmsimg.com/assets/71233_v9_bc.jpg,Salma Hayek,"Sep 2, 1966","Coatzacoalcos, Mexico"
254,https://resizing.flixster.com/E3Q6NHWw4tuaDAfRzZjqjVBg-zE=/218x280/v2/https://flxt.tmsimg.com/v9/AllPhotos/998204/998204_v9_bb.jpg,Sophia Lillis,"Feb 13, 2002","Brooklyn, New York, USA"
255,https://resizing.flixster.com/COfAkNtvaYfN6SE4NDVJsQEsETc=/218x280/v2/https://flxt.tmsimg.com/v9/AllPhotos/315555/315555_v9_bb.jpg,Shonda Rhimes,"Jan 13, 1970","Chicago, Illinois, USA"
256,https://resizing.flixster.com/2iYioNqww39EqN4-oUqsT2PYsjA=/218x280/v2/https://flxt.tmsimg.com/v9/AllPhotos/249363/249363_v9_bb.jpg,Sasha Pieterse,"Feb 17, 1996","Johannesburg, South Africa"
257,https://resizing.flixster.com/nWR89n3ID7JjO5y_k4pd7CWNtGo=/218x280/v2/https://flxt.tmsimg.com/assets/1570_v9_bb.jpg,Arnold Schwarzenegger,"Jul 30, 1947","Thal, Styria, Austria"
258,https://resizing.flixster.com/EgvqM751Lgn69J3l-M-EpoUeuQM=/218x280/v2/https://flxt.tmsimg.com/assets/155467_v9_bb.jpg,Karl Urban,"Jun 7, 1972","Wellington, New Zealand"
259,https://resizing.flixster.com/YsZ4jx_pwVSYpjmkObGdDesIdTU=/218x280/v2/https://flxt.tmsimg.com/v9/AllPhotos/922/922_v9_bc.jpg,Nicole Kidman,"Jun 20, 1967","Honolulu, Hawaii, USA"
260,https://resizing.flixster.com/MKnNW6K0b_UJFWPmvwiJ5I51IqI=/218x280/v2/https://flxt.tmsimg.com/v9/AllPhotos/76088/76088_v9_bd.jpg,Linda Cardellini,"Jun 25, 1975","Redwood City, California, USA"
261,https://resizing.flixster.com/B7Tekrdl1s-BLe2rgY6tscnEbCc=/218x280/v2/https://flxt.tmsimg.com/v9/AllPhotos/178333/178333_v9_bc.jpg,Idris Elba,"Sep 6, 1972","Hackney, England, UK"
262,https://resizing.flixster.com/JtqXiWh9jo_vnA-2CB74vWsTYJk=/218x280/v2/https://flxt.tmsimg.com/v9/AllPhotos/67729/67729_v9_ba.jpg,Faith Hill,"Sep 21, 1967","Jackson, Mississippi, USA"
263,https://resizing.flixster.com/KbYIC6QrCjXoKmQhNgBsi_MSuxA=/218x280/v2/https://flxt.tmsimg.com/v9/AllPhotos/189304/189304_v9_bb.jpg,Jason Momoa,"Aug 1, 1979","Honolulu, Hawaii, USA"
264,https://resizing.flixster.com/O4GQ5OJUS6ubt2tXdOvrzVXjuhU=/218x280/v2/https://flxt.tmsimg.com/v9/AllPhotos/79711/79711_v9_ba.jpg,Paget Brewster,"Mar 10, 1969","Concord, Massachusetts, USA"
265,https://resizing.flixster.com/dfpXnw4ZRy5YtzH7-iT5DCpv-F4=/218x280/v2/https://flxt.tmsimg.com/assets/548491_v9_bb.jpg,Adam Driver,"Nov 19, 1983","San Diego, California, USA"
266,https://resizing.flixster.com/0FUlV5gj-1FOBoG9m1SEz2c-14A=/218x280/v2/https://flxt.tmsimg.com/assets/128650_v9_bc.jpg,Jim Carrey,"Jan 17, 1962","Newmarket, Ontario, Canada"
267,https://resizing.flixster.com/RXwHhdb8Ts2-2svy_KI1YB9g2Pk=/218x280/v2/https://flxt.tmsimg.com/v9/AllPhotos/169588/169588_v9_bb.jpg,Rene Russo,"Feb 17, 1954","Burbank, California, USA"
268,https://resizing.flixster.com/MQqAaCZhoDm_iYtu7iWpyu5dhoA=/218x280/v2/https://flxt.tmsimg.com/assets/238016_v9_ba.jpg,Sarah Clarke,"Feb 16, 1972","St. Louis, Missouri, USA"
269,https://resizing.flixster.com/6gxcgLxCQ4cP42JcAJ-4OPLrvjI=/218x280/v2/https://flxt.tmsimg.com/assets/57645_v9_bb.jpg,Sam Neill,"Sep 14, 1947","Omagh, County Tyrone, Northern Ireland, UK"
270,https://resizing.flixster.com/EInu0QEB72k9OAbAsJIdsBrPqd8=/218x280/v2/https://flxt.tmsimg.com/assets/537042_v9_aa.jpg,Sara Tomko,"Oct 19, 1983","California, USA"
271,https://resizing.flixster.com/kBMm9PbiOir_vW_MH_NkBTJJ1J4=/218x280/v2/https://flxt.tmsimg.com/assets/512775_v9_bc.jpg,Shelley Hennig,"Jan 2, 1987","Destrehan, Louisiana, USA"
272,https://resizing.flixster.com/RfVdWukR47Dfkca_Duh9rTHnfbw=/218x280/v2/https://flxt.tmsimg.com/v9/AllPhotos/1575/1575_v9_ba.jpg,Ridley Scott,"Nov 30, 1937","South Shields, England, UK"
273,https://resizing.flixster.com/EAJ1t63Lg7pf2MUkTXy3mAiEaQU=/218x280/v2/https://flxt.tmsimg.com/v9/AllPhotos/194024/194024_v9_bb.jpg,Zoe Saldana,"Jun 19, 1978","Passaic, New Jersey, USA"
274,https://resizing.flixster.com/_bsKUO0YH_X97ZWSEI4UNr8CYCE=/218x280/v2/https://flxt.tmsimg.com/v9/AllPhotos/902608/902608_v9_ba.jpg,Mikey Madison,"Mar 25, 1999","Los Angeles, California, USA"
275,https://resizing.flixster.com/VvU70kYEKLZYOoKo7YLZWC-0Gps=/218x280/v2/https://flxt.tmsimg.com/v9/AllPhotos/50753/50753_v9_ba.jpg,Paula Marshall,"Jun 12, 1964","Rockville, Maryland, USA"
276,https://resizing.flixster.com/L9nj2_zwF1FTMEcW_qWzMElfhZk=/218x280/v2/https://flxt.tmsimg.com/assets/709930_v9_bb.jpg,Emilia Jones,"Feb 23, 2002","London, England, UK"
277,https://resizing.flixster.com/tiADminBHxbOAkIQYP5QaQpUTuU=/218x280/v2/https://flxt.tmsimg.com/v9/AllPhotos/658801/658801_v9_ba.jpg,Coco Jones,"Jan 4, 1998","Columbia, South Carolina, USA"
278,https://resizing.flixster.com/4bJFT_dr5cmWQ5YhhZZRsLCfXho=/218x280/v2/https://flxt.tmsimg.com/assets/496206_v9_bb.jpg,Benjamin Walker,"Jun 21, 1982","Cartersville, Georgia, USA"
279,https://resizing.flixster.com/eHQpfIU-LvwFVAGL0BWrHn6yhNk=/218x280/v2/https://flxt.tmsimg.com/v9/AllPhotos/221334/221334_v9_bb.jpg,Matt Reeves,"Apr 27, 1966","Rockville Center, New York, USA"
280,https://resizing.flixster.com/CpYc3q3LuIYNyORnDf97EQuzDec=/218x280/v2/https://flxt.tmsimg.com/v9/AllPhotos/644016/644016_v9_bb.jpg,Daniella Pineda,"Feb 20, 1987","Oakland, California, USA"
281,https://resizing.flixster.com/j5es7sa_RrGaAp7P0sljr79_pu0=/218x280/v2/https://flxt.tmsimg.com/v9/AllPhotos/945510/945510_v9_ba.jpg,Sofia Hublitz,"Jun 1, 1999","Richmond, Virginia, USA"
282,https://resizing.flixster.com/J6C3IUEtSclUtPIGvnB0PEwCwsI=/218x280/v2/https://flxt.tmsimg.com/assets/195552_v9_bb.jpg,Adrian Holmes,"Mar 31, 1974","Wrexham, North Wales, UK"
283,https://resizing.flixster.com/QRqkZH-Dlvu_SoJg3i2OgOzLN0E=/218x280/v2/https://flxt.tmsimg.com/v9/AllPhotos/613075/613075_v9_bb.jpg,Emilia Clarke,"Oct 23, 1986","London, England, UK"
284,https://resizing.flixster.com/RIxfq8jalxJnYuMhyKSZc7EGuC0=/218x280/v2/https://flxt.tmsimg.com/v9/AllPhotos/855430/855430_v9_bb.jpg,Thomasin McKenzie,"Jul 26, 2000","Wellington, New Zealand"
285,https://resizing.flixster.com/ZbZK7M9BYMKvE91MdOvZfQFgBq0=/218x280/v2/https://flxt.tmsimg.com/v9/AllPhotos/36838/36838_v9_ba.jpg,Kevin Costner,"Jan 18, 1955","Lynwood, California, USA"
286,https://resizing.flixster.com/mlfyjGr_m_1M2mY4rP5wM5qxVY0=/218x280/v2/https://flxt.tmsimg.com/assets/774711_v9_bb.jpg,Pete Davidson,"Nov 16, 1993","Staten Island, New York, USA"
287,https://resizing.flixster.com/SAznNY-xCINtxTDKpfds6LOANSU=/218x280/v2/https://flxt.tmsimg.com/assets/78710_v9_bb.jpg,Robert Patrick,"Nov 5, 1958","Marietta, Georgia, USA"
288,https://resizing.flixster.com/d47fXcPtv3p_nHGO9PNvREvw9cc=/218x280/v2/https://resizing.flixster.com/Xy8r-RbJvOGL73mnLWgLgcH-f0c=/ems.ZW1zLXByZC1hc3NldHMvY2VsZWJyaXRpZXMvMDVmMGNlYzItNjg3Yy00YjFkLWIwMWQtZGZkMTBhZjEwYmZlLmpwZw==,Kyle Allen,Not Available,Not Available
289,https://resizing.flixster.com/jnf2vNDJLbWpmlcDoWEE2GTWmtQ=/218x280/v2/https://flxt.tmsimg.com/v9/AllPhotos/152391/152391_v9_bb.jpg,Josh Hartnett,"Jul 21, 1978","St. Paul, Minnesota, USA"
290,https://resizing.flixster.com/WhNkFscAZoCfVsI5wi0_G6ULu0M=/218x280/v2/https://flxt.tmsimg.com/v9/AllPhotos/163376/163376_v9_ba.jpg,Peter Mullan,"Nov 2, 1959","Peterhead, Scotland, UK"
291,https://resizing.flixster.com/oc6e1p0U_F8EgUo7f5Nt3kKr_EI=/218x280/v2/https://flxt.tmsimg.com/v9/AllPhotos/272823/272823_v9_bb.jpg,Zachary Levi,"Sep 29, 1980","Lake Charles, Louisiana, USA"
292,https://resizing.flixster.com/g_MXEvN_ROGGMb3CAhzLmhG6yl4=/218x280/v2/https://flxt.tmsimg.com/v9/AllPhotos/707743/707743_v9_bb.jpg,Manny Jacinto,"Aug 19, 1987","Manila, Philippines"
293,https://resizing.flixster.com/FRHftEUnsHq7jAhFaVp7d7mhHZw=/218x280/v2/https://flxt.tmsimg.com/assets/193757_v9_bc.jpg,Katee Sackhoff,"Apr 8, 1980","Portland, Oregon, USA"
294,https://resizing.flixster.com/yFyYTMxglqfCpZqWEnRx-arHKmY=/218x280/v2/https://flxt.tmsimg.com/assets/561258_v9_bc.jpg,Kaitlyn Dever,"Dec 21, 1996","Phoenix, Arizona, USA"
295,https://resizing.flixster.com/qWNdDMf-zZ1S3ZTchsNEmK0H1PY=/218x280/v2/https://flxt.tmsimg.com/assets/64804_v9_bb.jpg,Vincent D'Onofrio,"Jun 30, 1959","Brooklyn, New York, USA"
296,https://resizing.flixster.com/CWdhlmNofK0lcJba39xYcanh0-E=/218x280/v2/https://flxt.tmsimg.com/v9/AllPhotos/610361/610361_v9_ba.jpg,Brenda Koo,"Feb 13, 1983","Orange County, California, USA"
297,https://resizing.flixster.com/O4upzA4DWv-P7opXPytpr3v_zS4=/218x280/v2/https://flxt.tmsimg.com/assets/63296_v9_bb.jpg,Toni Collette,"Nov 1, 1972","Blacktown, New South Wales, Australia"
298,https://resizing.flixster.com/X3fKI-s7-KBmD4wN8_MYrRSYA1k=/218x280/v2/https://flxt.tmsimg.com/assets/1158533_v9_ba.jpg,Diana Silvers,"Nov 3, 1997","Los Angeles, California, USA"
299,/assets/pizza-pie/images/poster_default.c8c896e70c3.gif,Emma Stone,Not Available,Not Available
300,https://resizing.flixster.com/gEhrXmx0gR7rp5smwiLWJ0hZvOA=/218x280/v2/https://flxt.tmsimg.com/v9/AllPhotos/77711/77711_v9_bb.jpg,Daniel Craig,"Mar 2, 1968","Chester, Cheshire, England, UK"
301,https://resizing.flixster.com/XLl9flE8j5HDqNWGl9oJ2dgje08=/218x280/v2/https://flxt.tmsimg.com/assets/900111_v9_ba.jpg,Awkwafina,"Jun 2, 1988","New York, New York, USA"
302,https://resizing.flixster.com/FAVZz760cG-WXD_lVFpdktxFnXQ=/218x280/v2/https://flxt.tmsimg.com/assets/658104_v9_bb.jpg,Jack Quaid,"Apr 24, 1992","Los Angeles, California, USA"
303,https://resizing.flixster.com/Rg_IhjwQRf-9eK4z_o3shGD_JQw=/218x280/v2/https://flxt.tmsimg.com/v9/AllPhotos/74371/74371_v9_bb.jpg,Josh Brolin,"Feb 12, 1968","Santa Monica, California, USA"
304,https://resizing.flixster.com/jnnmZzJX33qpUXRQZxN34QSlBjk=/218x280/v2/https://flxt.tmsimg.com/assets/83221_v9_ba.jpg,Penélope Cruz,"Apr 28, 1974","Madrid, Spain"
305,/assets/pizza-pie/images/poster_default.c8c896e70c3.gif,Adam Scott,"Jul 16, 1980","Adelaide, South Australia, Australia"
306,https://resizing.flixster.com/7oxy1Rg7-XVGWgosN5pJvYsHt-M=/218x280/v2/https://flxt.tmsimg.com/v9/AllPhotos/44333/44333_v9_bb.jpg,Matt Damon,"Oct 8, 1970","Cambridge, Massachusetts, USA"
307,https://resizing.flixster.com/1uxwIGAeEduU9h53P2ZfZlISKMA=/218x280/v2/https://flxt.tmsimg.com/assets/84667_v9_bb.jpg,Jennifer Coolidge,"Aug 28, 1961","Boston, Massachusetts, USA"
308,https://resizing.flixster.com/JEhzok0c47X-8fe3aXbQe2uWRQ4=/218x280/v2/https://flxt.tmsimg.com/v9/AllPhotos/310087/310087_v9_bb.jpg,Gina Rodriguez,"Jul 30, 1984","Chicago, Illinois, USA"
309,https://resizing.flixster.com/qyQqEdYMZcxQBduQQcA3Ap4SbpI=/218x280/v2/https://flxt.tmsimg.com/assets/20565_v9_bc.jpg,Ewan McGregor,"Mar 31, 1971","Perth, Scotland, UK"
310,https://resizing.flixster.com/PERGXpG6083Eip6_G_kMFKS1un8=/218x280/v2/https://flxt.tmsimg.com/assets/74064_v9_bb.jpg,Tobey Maguire,"Jun 27, 1975","Santa Monica, California, USA"
311,https://resizing.flixster.com/dKSEAKleiY8tDVTpyI-yciTtTLQ=/218x280/v2/https://flxt.tmsimg.com/assets/499_v9_bb.jpg,Sam Elliott,"Aug 9, 1944","Sacramento, California, USA"
312,https://resizing.flixster.com/VlY5d6_KyvTsMg-UUxuCxo26xvo=/218x280/v2/https://flxt.tmsimg.com/v9/AllPhotos/198908/198908_v9_bb.jpg,Gerard Butler,"Nov 13, 1969","Paisley, Scotland, UK"
313,https://resizing.flixster.com/92IZ_D04PyC46-VYQQIUrpQVcwA=/218x280/v2/https://flxt.tmsimg.com/v9/AllPhotos/165127/165127_v9_bb.jpg,Jason Statham,"Jul 26, 1967","London, England, UK"
314,https://resizing.flixster.com/XBCtGa95VxiBfWIQH7a-Ob5Flrs=/218x280/v2/https://flxt.tmsimg.com/v9/AllPhotos/490764/490764_v9_ba.jpg,Jamie Dornan,"May 1, 1982","Belfast, Northern Ireland, UK"
315,https://resizing.flixster.com/WTrFfvYiufPLOpZwf2QKb3csUNY=/218x280/v2/https://flxt.tmsimg.com/v9/AllPhotos/629789/629789_v9_bb.jpg,Greer Grammer,"Feb 15, 1992","Los Angeles, California, USA"
316,https://resizing.flixster.com/Q-YFo5z5kzWCcpUEEA4G3xb50eY=/218x280/v2/https://flxt.tmsimg.com/v9/AllPhotos/346606/346606_v9_ba.jpg,Mark Burnham,Not Available,Not Available
317,https://resizing.flixster.com/U2l4vjRh2uHPpI4Brp1V8G6FQjs=/218x280/v2/https://flxt.tmsimg.com/v9/AllPhotos/864783/864783_v9_bb.jpg,Jessica Henwick,"Aug 30, 1992","Surrey, England, UK"
318,https://resizing.flixster.com/e0A1hyLK8lDPNOtQ1hfHBgXOmCw=/218x280/v2/https://flxt.tmsimg.com/v9/AllPhotos/255997/255997_v9_ba.jpg,Jason Ritter,"Feb 17, 1980","Los Angeles, California, USA"
319,https://resizing.flixster.com/DTd0lUQGJjtaYnxuTb-F61F5iUs=/218x280/v2/https://flxt.tmsimg.com/assets/173489_v9_ba.jpg,Chris Evans,"Jun 13, 1981","Boston, Massachusetts, USA"
320,https://resizing.flixster.com/1m82oJNJnurbOJZ2B6Nbpi7R040=/218x280/v2/https://flxt.tmsimg.com/assets/290995_v9_bb.jpg,Steve Carell,"Aug 16, 1962","Concord, Massachusetts, USA"
321,https://resizing.flixster.com/xZk3JTvzLiLJPHnFM-7HnxciBHE=/218x280/v2/https://flxt.tmsimg.com/v9/AllPhotos/609111/609111_v9_bc.jpg,Griffin Gluck,"Aug 24, 2000","Los Angeles, California, USA"
322,https://resizing.flixster.com/RRgXFAHzxUd_5M2KiKYgFdg2iJw=/218x280/v2/https://flxt.tmsimg.com/v9/AllPhotos/1672/1672_v9_ba.jpg,Steven Spielberg,"Dec 18, 1946","Cincinnati, Ohio, USA"
323,https://resizing.flixster.com/xeaIGcxtf0mBf7txRdCny7c3zHw=/218x280/v2/https://flxt.tmsimg.com/v9/AllPhotos/298922/298922_v9_bb.jpg,Anna Kendrick,"Aug 9, 1985","Portland, Maine, USA"
324,https://resizing.flixster.com/-kFgkcUGk3s5T5ytDxevU3Zzu3Q=/218x280/v2/https://flxt.tmsimg.com/v9/AllPhotos/641107/641107_v9_bb.jpg,Melissa Barrera,"Jul 4, 1990","Nuevo León, Mexico"
325,https://resizing.flixster.com/yXUFTzR6A6LZd9QzwJr2FQMto5g=/218x280/v2/https://flxt.tmsimg.com/assets/282916_v9_bb.jpg,Tyler Hoechlin,"Sep 11, 1987","Corona, California, USA"
326,https://resizing.flixster.com/D6ZM3C7M0n_uPPB2FONRCc0xFtA=/218x280/v2/https://flxt.tmsimg.com/assets/503559_v9_bb.jpg,Jackie Sandler,"Sep 24, 1974","Coral Springs, Florida, USA"
327,https://resizing.flixster.com/Wta02AZ_0a4dTY65kKpUtVX8K4w=/218x280/v2/https://flxt.tmsimg.com/assets/216366_v9_bb.jpg,Charlie Hunnam,"Apr 10, 1980","Newcastle, England, UK"
328,https://resizing.flixster.com/llCg-bMEXJw8rAQ__YzvKEeinLQ=/218x280/v2/https://flxt.tmsimg.com/v9/AllPhotos/600563/600563_v9_bb.jpg,Richard Madden,"Jun 18, 1986","Elderslie, Scotland, UK"
329,https://resizing.flixster.com/uEBth-oq34MkvYN395fF_eKdQOA=/218x280/v2/https://flxt.tmsimg.com/v9/AllPhotos/149839/149839_v9_bb.jpg,Christopher Heyerdahl,"Sep 18, 1963","British Columbia, Canada"
330,https://resizing.flixster.com/r7LhuY4K9cIDxmPTRKh1JR2nkH8=/218x280/v2/https://flxt.tmsimg.com/v9/AllPhotos/188482/188482_v9_ba.jpg,Alan Tudyk,"Mar 16, 1971","El Paso, Texas, USA"
331,https://resizing.flixster.com/_zZOs27jIenX3n2gXdAqybicUYs=/218x280/v2/https://flxt.tmsimg.com/v9/AllPhotos/633/633_v9_bd.jpg,Mel Gibson,"Jan 3, 1956","Peekskill, New York, USA"
332,https://resizing.flixster.com/eAeQ5RjTpsczC4W1jHyMNfVKnBQ=/218x280/v2/https://flxt.tmsimg.com/v9/AllPhotos/222519/222519_v9_bd.jpg,Autumn Reeser,"Sep 21, 1980","La Jolla, California, USA"
333,https://resizing.flixster.com/On1TqME2NRhOBqc7V2wuX4jvs2g=/218x280/v2/https://flxt.tmsimg.com/v9/AllPhotos/233401/233401_v9_bd.jpg,Daniel Radcliffe,"Jul 23, 1989","Fulham, London, England, UK"
334,https://resizing.flixster.com/_ysyuDO3-fyYcLmhNwlIjEGGUBU=/218x280/v2/https://flxt.tmsimg.com/assets/157134_v9_ba.jpg,Tara Strong,"Feb 12, 1973","Toronto, Ontario, Canada"
335,https://resizing.flixster.com/TSQed8xAXEndDJw55mmVIh9oDv4=/218x280/v2/https://flxt.tmsimg.com/assets/75483_v9_ba.jpg,Tracy Pollan,"Jun 22, 1960","Long Island, New York, USA"
336,https://resizing.flixster.com/CLcTdopQ4_HUKtjMo_dTjMNqrsk=/218x280/v2/https://flxt.tmsimg.com/v9/AllPhotos/68168/68168_v9_bb.jpg,Jessica Biel,"Mar 3, 1982","Ely, Minnesota, USA"
337,https://resizing.flixster.com/eTJnl2Z5FQEQvdXnXgH0LObyfuc=/218x280/v2/https://flxt.tmsimg.com/assets/286896_v9_ba.jpg,Zac Efron,"Oct 18, 1987","San Luis Obispo, California, USA"
338,https://resizing.flixster.com/BtPd2AWTxn9hh9_AYAMJROAt8n4=/218x280/v2/https://flxt.tmsimg.com/assets/503198_v9_bb.jpg,Alison Brie,"Dec 29, 1982","Hollywood, California, USA"
339,https://resizing.flixster.com/SwvR33mQyM5ESMGhRFMhvb6TAec=/218x280/v2/https://flxt.tmsimg.com/v9/AllPhotos/224931/224931_v9_bb.jpg,James Gunn,"Aug 5, 1966","St. Louis, Missouri, USA"
340,https://resizing.flixster.com/EZH-zxJwTHfPzBOHdxK_vJW7KkM=/218x280/v2/https://flxt.tmsimg.com/v9/AllPhotos/168663/168663_v9_ba.jpg,Tom Hollander,"Aug 25, 1967","Oxford, Oxfordshire, England, UK"
341,https://resizing.flixster.com/NlloeZKDPhaum44XvHQHuY7L044=/218x280/v2/https://flxt.tmsimg.com/assets/644150_v9_bb.jpg,Morgan Spector,"Oct 4, 1980","Santa Rosa, California, USA"
342,https://resizing.flixster.com/BhjiEWZk9MMzhKG8mWp5Ws87Ymg=/218x280/v2/https://flxt.tmsimg.com/v9/AllPhotos/283805/283805_v9_ba.jpg,Megan Fox,"May 16, 1986","Oak Ridge, Tennessee, USA"
343,https://resizing.flixster.com/3LPcLq3aGwnU6vOxeDwPZ8K0dbg=/218x280/v2/https://flxt.tmsimg.com/v9/AllPhotos/62018/62018_v9_bb.jpg,Terry Kinney,"Jan 29, 1954","Lincoln, Illinois, USA"
344,https://resizing.flixster.com/QxefFB4qN6gUZkR4orhqV4dfx_8=/218x280/v2/https://flxt.tmsimg.com/assets/499956_v9_ba.jpg,Lucy Hale,"Jun 14, 1989","Memphis, Tennessee, USA"
345,https://resizing.flixster.com/VhGS8J3WEfsl5PUDOutp9LQIz6E=/218x280/v2/https://flxt.tmsimg.com/assets/533946_v9_bb.jpg,Kaya Scodelario,"Mar 13, 1992","Holloway, London, England, UK"
346,https://resizing.flixster.com/gPvYPcHQhAlwx6-To1i1Lz21lGo=/218x280/v2/https://flxt.tmsimg.com/assets/509211_v9_bb.jpg,Bella Thorne,"Oct 8, 1997","Pembroke Pines, Florida, USA"
347,https://resizing.flixster.com/oywIB_y2988V6VOrIxICRyz5HkY=/218x280/v2/https://flxt.tmsimg.com/v9/AllPhotos/620129/620129_v9_bb.jpg,Taissa Farmiga,"Aug 17, 1994","Whitehouse Station, New Jersey, USA"
348,https://resizing.flixster.com/PLzckGq2pGBIjpplmBNx1XXbgUk=/218x280/v2/https://flxt.tmsimg.com/assets/280826_v9_bb.jpg,Stana Katic,"Apr 26, 1978","Hamilton, Ontario, Canada"
349,https://resizing.flixster.com/7u_HXpooXtPyjvGlOCCqDUyKDV4=/218x280/v2/https://flxt.tmsimg.com/assets/73454_v9_bb.jpg,Neal McDonough,"Feb 13, 1966","Dorchester, Massachusetts, USA"
350,https://resizing.flixster.com/6XDH89ZRzZbjllG5GY09DIu-bEQ=/218x280/v2/https://flxt.tmsimg.com/v9/AllPhotos/362995/362995_v9_ba.jpg,Alice Eve,"Feb 6, 1982","London, England, UK"
351,https://resizing.flixster.com/iqbsgI6XV7lAIAN-r3HlNCUvfQo=/218x280/v2/https://flxt.tmsimg.com/assets/669281_v9_bb.jpg,Elizabeth Debicki,"Aug 24, 1990","Paris, France"
352,https://resizing.flixster.com/t9WyVIJi3oJHd-e0EcOBFE_rEkY=/218x280/v2/https://flxt.tmsimg.com/v9/AllPhotos/653750/653750_v9_bb.jpg,Mackenzie Davis,"Apr 1, 1987","Vancouver, British Columbia, Canada"
353,https://resizing.flixster.com/Qu2Ak2lq8jkpVHm6UtScCWk9qu8=/218x280/v2/https://flxt.tmsimg.com/v9/AllPhotos/428835/428835_v9_bc.jpg,Michael Stuhlbarg,"Jul 5, 1968","Long Beach, California, USA"
354,https://resizing.flixster.com/jmpD2L5NkxlrJrh2qzc7zo0n79g=/218x280/v2/https://flxt.tmsimg.com/v9/AllPhotos/71093/71093_v9_ba.jpg,Jon Favreau,"Oct 19, 1966","Queens, New York, USA"
355,https://resizing.flixster.com/GeZFh1POHhumPhEKbcBXE0hiI_o=/218x280/v2/https://resizing.flixster.com/xTnLl3mKvas-ladXLb78r0Xh7hA=/ems.ZW1zLXByZC1hc3NldHMvY2VsZWJyaXRpZXMvNjk3ZGY5NzYtZmI0Yi00MWVhLWJlOTctMDExMzgwNTlhZWY3LmpwZw==,Paris Hilton,"Feb 17, 1981","New York, New York, USA"
356,https://resizing.flixster.com/dQUBhnTzibCoJsm1FBZbpRuyWiQ=/218x280/v2/https://flxt.tmsimg.com/assets/30905_v9_bc.jpg,Jennifer Aniston,"Feb 11, 1969","Sherman Oaks, California, USA"
357,https://resizing.flixster.com/s87Djrz1dR9L8oW8wN9Fya0gI-s=/218x280/v2/https://flxt.tmsimg.com/v9/AllPhotos/9616/9616_v9_bb.jpg,Bruce McGill,"Jul 11, 1950","San Antonio, Texas, USA"
358,https://resizing.flixster.com/r3cl5wKHOazOXQFVFcNLLDcAeDM=/218x280/v2/https://flxt.tmsimg.com/assets/151257_v9_bb.jpg,Currie Graham,"Feb 26, 1967","Hamilton, Ontario, Canada"
359,https://resizing.flixster.com/O3fVYdSaS5w0WFyGQOug98WW9Po=/218x280/v2/https://flxt.tmsimg.com/v9/AllPhotos/44809/44809_v9_bb.jpg,Meg Tilly,"Feb 14, 1960","Long Beach, California, USA"
360,https://resizing.flixster.com/67Rl4ZG3wPP2ePVdak-0JX45lx4=/218x280/v2/https://flxt.tmsimg.com/v9/AllPhotos/71705/71705_v9_bb.jpg,Brendan Fraser,"Dec 3, 1968","Indianapolis, Indiana, USA"
361,https://resizing.flixster.com/tnvTlmzBnOU75bjbQG76Bnr4u6o=/218x280/v2/https://flxt.tmsimg.com/v9/AllPhotos/210730/210730_v9_ba.jpg,Laura Bailey,Not Available,Not Available
362,https://resizing.flixster.com/okYEdM_7tzPMdURLta7JRbsNfiI=/218x280/v2/https://flxt.tmsimg.com/assets/4950_v9_bb.jpg,Angelina Jolie,"Jun 4, 1975","Los Angeles, California, USA"
363,https://resizing.flixster.com/qjoXP_SBecDzdynIddVc2gtMvLs=/218x280/v2/https://flxt.tmsimg.com/assets/490305_v9_bb.jpg,MyAnna Buring,"Sep 22, 1979","Sundsvall, Sweden"
364,https://resizing.flixster.com/PcJO7iIhXUCmXy2jubit3zeuqI4=/218x280/v2/https://flxt.tmsimg.com/v9/AllPhotos/617492/617492_v9_bb.jpg,Ali Wong,"Apr 19, 1982","San Francisco, California, USA"
365,https://resizing.flixster.com/bUWlhwZ3il_eJ3rmnjRbt3xLBgE=/218x280/v2/https://flxt.tmsimg.com/v9/AllPhotos/10359/10359_v9_ba.jpg,Carla Gugino,"Aug 29, 1971","Sarasota, Florida, USA"
366,https://resizing.flixster.com/lymPjsP4Gz6--AZLTBSjnqqzOx4=/218x280/v2/https://flxt.tmsimg.com/assets/270911_v9_bb.jpg,Joseph Sikora,"Jun 27, 1976","Chicago, Illinois, USA"
367,https://resizing.flixster.com/UJT2tDi_yWK_nXrpFIUWWLbniJI=/218x280/v2/https://flxt.tmsimg.com/assets/528854_v9_bb.jpg,Chris Hemsworth,"Aug 11, 1983","Melbourne, Victoria, Australia"
368,https://resizing.flixster.com/futy6Rcbtb0q3RIvV13yG90H6eE=/218x280/v2/https://flxt.tmsimg.com/v9/AllPhotos/262874/262874_v9_ba.jpg,Arielle Kebbel,"Feb 19, 1985","Winter Park, Florida, USA"
369,https://resizing.flixster.com/1BYT01JkqmxAIfluYMqR3n64MsY=/218x280/v2/https://flxt.tmsimg.com/assets/449885_v9_bc.jpg,Olivia Colman,"Jan 30, 1974","Norwich, Norfolk, England, UK"
370,/assets/pizza-pie/images/poster_default.c8c896e70c3.gif,Sammi Haney,Not Available,Not Available
371,https://resizing.flixster.com/W01c9R6LFZ-xHY1VukXCgIT9jMU=/218x280/v2/https://flxt.tmsimg.com/assets/310042_v9_bb.jpg,Richard Armitage,"Aug 22, 1971","Leicester, England, UK"
372,https://resizing.flixster.com/nqXywf388Smow_takofQfFNsKZg=/218x280/v2/https://flxt.tmsimg.com/assets/169721_v9_bc.jpg,Kaley Cuoco,"Nov 30, 1985","Camarillo, California, USA"
373,https://resizing.flixster.com/x4odGMvLTJomJ8aBdqqJ_scj33E=/218x280/v2/https://flxt.tmsimg.com/assets/593120_v9_bb.jpg,Alice Kremelberg,"Feb 28, 1990","Long Island, New York, USA"
374,https://resizing.flixster.com/GvGkjOtsF8Mrl6rOfiSTWdUHwzE=/218x280/v2/https://flxt.tmsimg.com/v9/AllPhotos/1191527/1191527_v9_ba.jpg,Maria Sten,"Oct 29, 1989","Copenhagen, Denmark"
375,https://resizing.flixster.com/gn47S-fE0l-z2a5CFmz45-397JU=/218x280/v2/https://flxt.tmsimg.com/assets/573762_v9_bc.jpg,Dakota Johnson,"Oct 4, 1989","Austin, Texas, USA"
376,https://resizing.flixster.com/TaF_DgP6z2adykQzwahJwkOx5Zo=/218x280/v2/https://flxt.tmsimg.com/assets/214404_v9_ba.jpg,Edi Patterson,"Nov 14, 1972","Texas City, Texas, USA"
377,https://resizing.flixster.com/UMrhcxCin5G7s-uR8_eZgBpkfnU=/218x280/v2/https://flxt.tmsimg.com/v9/AllPhotos/58757/58757_v9_ba.jpg,Sharon Stone,"Mar 10, 1958","Meadville, Pennsylvania, USA"
378,https://resizing.flixster.com/2CPtI4INqXPJ3aZpFx9qgQ5s6Ps=/218x280/v2/https://flxt.tmsimg.com/assets/618146_v9_bb.jpg,Rowan Blanchard,"Oct 14, 2001","Los Angeles, California, USA"
379,https://resizing.flixster.com/lEhRHhRwSqkX4P44unSrC1s8K18=/218x280/v2/https://flxt.tmsimg.com/v9/AllPhotos/157012/157012_v9_ba.jpg,Ryan Gosling,"Nov 12, 1980","London, Ontario, Canada"
380,https://resizing.flixster.com/Uf86pOIHcEzf5HtXcbxZI4F7xe0=/218x280/v2/https://flxt.tmsimg.com/v9/AllPhotos/152068/152068_v9_bb.jpg,Elisha Cuthbert,"Nov 30, 1982","Calgary, Alberta, Canada"
381,https://resizing.flixster.com/ddcgOVlNU-SoL5dV-MBuiCds_kE=/218x280/v2/https://flxt.tmsimg.com/v9/AllPhotos/313474/313474_v9_bb.jpg,Elle Fanning,"Apr 9, 1998","Conyers, Georgia, USA"
382,https://resizing.flixster.com/JXsMAeaZBOGZY_zBW2AGT1uFaw4=/218x280/v2/https://flxt.tmsimg.com/v9/AllPhotos/30616/30616_v9_bb.jpg,Jeanne Tripplehorn,"Jun 10, 1963","Tulsa, Oklahoma, USA"
383,https://resizing.flixster.com/nkqbcy4JdSxNM5NCyP_y-tr73Jw=/218x280/v2/https://flxt.tmsimg.com/v9/AllPhotos/492745/492745_v9_bb.jpg,Tom Pelphrey,"Jul 28, 1982","Howell, New Jersey, USA"
384,https://resizing.flixster.com/vLPP3PxYlCLjrMYl8vQjjxC7T0w=/218x280/v2/https://resizing.flixster.com/oUmi3Pk-tdJ34BPEK9ooZgjKUkI=/ems.ZW1zLXByZC1hc3NldHMvY2VsZWJyaXRpZXMvMmNkNWM5NDgtOGExNS00YTJiLTgzMjAtYjA0OTg1N2UzNGYwLmpwZw==,Elliot Page,"Feb 21, 1987","Halifax, Nova Scotia, Canada"
385,https://resizing.flixster.com/ogitpT3u2tytR_wcQhvxoOjlV6s=/218x280/v2/https://flxt.tmsimg.com/assets/782080_v9_bb.jpg,Margaret Qualley,"Oct 23, 1994","Kalispell, Montana, USA"
386,https://resizing.flixster.com/azUalPS6xh6lhRhtTbo52bXgnyE=/218x280/v2/https://resizing.flixster.com/kZNjVexlaQWHQhOnZLMMdCrDWEU=/ems.ZW1zLXByZC1hc3NldHMvY2VsZWJyaXRpZXMvOTRmMWFmOWUtODE1NS00M2EwLWE4ZTQtMjZmYmVkZjE2ODY3LmpwZw==,Anne Hathaway,"Nov 12, 1982","Brooklyn, New York, USA"
387,https://resizing.flixster.com/CNeA2xb7MP7HPLPB-f7JjfUUcLc=/218x280/v2/https://flxt.tmsimg.com/assets/628924_v9_bb.jpg,Sarah Snook,"Dec 1, 1987","Adelaide, South Australia, Australia"
388,https://resizing.flixster.com/T8BG9ZPsDSITcJwD88OUOfcnXSE=/218x280/v2/https://flxt.tmsimg.com/assets/375633_v9_bb.jpg,Amber Heard,"Apr 22, 1986","Austin, Texas, USA"
389,https://resizing.flixster.com/OnvTqVj0KZ5qUdH3_hKPr-xJq9c=/218x280/v2/https://flxt.tmsimg.com/assets/981946_v9_bb.jpg,Zazie Beetz,"May 25, 1991","Berlin, Germany"
390,https://resizing.flixster.com/6ZIK-FdB9A2Luma_7EzzDldaF5M=/218x280/v2/https://resizing.flixster.com/e4WD78AWi-fFQ7MiTuRg_uiPSPg=/ems.ZW1zLXByZC1hc3NldHMvY2VsZWJyaXRpZXMvNjRlNzA3NTYtMzc2YS00NWJlLWFiM2UtZDcxMGRhZTY2ZTU1LmpwZw==,Blake Lively,"Aug 25, 1987","Tarzana, California, USA"
391,https://resizing.flixster.com/HGQEBk0KTxtSJTCA6CA3Xc6fCrI=/218x280/v2/https://flxt.tmsimg.com/assets/75538_v9_ba.jpg,Kate Beckinsale,"Jul 26, 1973","Finsbury Park, London, England, UK"
392,https://resizing.flixster.com/FikE8poyPW811W21puIDh-hwxkU=/218x280/v2/https://flxt.tmsimg.com/assets/55522_v9_bb.jpg,Robert Rodriguez,"Jun 20, 1968","San Antonio, Texas, USA"
393,https://resizing.flixster.com/J7Z3MG2bkzWce3RhNPTPa2zd4Rc=/218x280/v2/https://flxt.tmsimg.com/assets/43391_v9_ba.jpg,Mark Rylance,"Jan 18, 1960","Ashford, Kent, England, UK"
394,https://resizing.flixster.com/FV7kBfVyQPCfNeYrWpaIVL4baIY=/218x280/v2/https://flxt.tmsimg.com/v9/AllPhotos/170945/170945_v9_bb.jpg,Piper Perabo,"Oct 31, 1976","Dallas, Texas, USA"
395,https://resizing.flixster.com/pq2vjg7QDrRIay0mrAOmKvix69c=/218x280/v2/https://flxt.tmsimg.com/assets/445607_v9_ba.jpg,Sam Levinson,"Jan 8, 1985",USA
396,https://resizing.flixster.com/oVxllLT55oEkKccbTfaYIum_AAc=/218x280/v2/https://flxt.tmsimg.com/assets/578485_v9_ba.jpg,Shay Mitchell,"Apr 10, 1987","Toronto, Ontario, Canada"
397,https://resizing.flixster.com/kYjMmulwVOIq4IPXbAdKtosjPCM=/218x280/v2/https://resizing.flixster.com/1CuOkuC-FB5vNV7gghU1K7ZMEJY=/ems.ZW1zLXByZC1hc3NldHMvY2VsZWJyaXRpZXMvN2IzYTI0YzktZTg2My00MjQzLWI1YjYtNGZiZGFlMTNmNTA2LmpwZw==,Chris Cafero,"Oct 24, 1988","Norwalk, Connecticut, USA"
398,https://resizing.flixster.com/n4YwcUDdnubcVMFbLds9M3NuIUc=/218x280/v2/https://flxt.tmsimg.com/v9/AllPhotos/2657/2657_v9_bb.jpg,Al Pacino,"Apr 25, 1940","East Harlem, New York, USA"
399,https://resizing.flixster.com/13vQEMxE4u1NAvBMBAHGnNqCoYM=/218x280/v2/https://flxt.tmsimg.com/v9/AllPhotos/594058/594058_v9_bc.jpg,Rebel Wilson,"Mar 2, 1980","Sydney, New South Wales, Australia"
400,https://resizing.flixster.com/6khnzvKZHG1W_-r_YUkBI5_3DUI=/218x280/v2/https://flxt.tmsimg.com/assets/245574_v9_bc.jpg,Keira Knightley,"Mar 26, 1985","Teddington, Middlesex, England, UK"
401,https://resizing.flixster.com/nVH_aevc-IRDVSeHO17re0mjyBE=/218x280/v2/https://flxt.tmsimg.com/assets/232748_v9_bb.jpg,Mahershala Ali,"Feb 16, 1974","Oakland, California, USA"
402,https://resizing.flixster.com/mSCfm997puPWkrj8gjoS66q7gsM=/218x280/v2/https://flxt.tmsimg.com/assets/43134_v9_ba.jpg,Marisa Tomei,"Dec 4, 1964","Brooklyn, New York, USA"
403,https://resizing.flixster.com/M4GeD6BGASercblmSNXfkmAuLFM=/218x280/v2/https://flxt.tmsimg.com/v9/AllPhotos/1158025/1158025_v9_aa.jpg,Melise,"Feb 18, 1991","Tulsa, Oklahoma, USA"
404,https://resizing.flixster.com/94DC5wgNUxf6nKscgaJChMqOIkY=/218x280/v2/https://flxt.tmsimg.com/assets/512851_v9_bb.jpg,Peyton List,"Apr 6, 1998","Florida, USA"
405,https://resizing.flixster.com/xBBfiUZ8YuDVT-A0zBujOR6ePpY=/218x280/v2/https://flxt.tmsimg.com/assets/50640_v9_bb.jpg,Paul Rudd,"Apr 6, 1969","Passaic, New Jersey, USA"
406,https://resizing.flixster.com/_gTjWjMBSHSsBIZEI2DKWAgB1lI=/218x280/v2/https://flxt.tmsimg.com/v9/AllPhotos/163187/163187_v9_bb.jpg,Sophie Okonedo,"Aug 11, 1968","London, England, UK"
407,https://resizing.flixster.com/nrL02iGnU0cxcX8i6OWk_uIJ9og=/218x280/v2/https://flxt.tmsimg.com/assets/1031046_v9_bb.jpg,Chloe Coleman,"Dec 11, 2008",USA
408,https://resizing.flixster.com/MG-YrcmrFSD5A2QTwMY06Y_PIoQ=/218x280/v2/https://flxt.tmsimg.com/assets/656_v9_bb.jpg,Jeff Goldblum,"Oct 22, 1952","Pittsburgh, Pennsylvania, USA"
409,https://resizing.flixster.com/kYEGbd7JtnZTECON0ah7LqOp-Go=/218x280/v2/https://flxt.tmsimg.com/v9/AllPhotos/286043/286043_v9_bb.jpg,Jennifer Stone,"Feb 12, 1993","Arlington, Texas, USA"
410,https://resizing.flixster.com/P7fH30MmZAnDoQTdB7Qe-m_sMmM=/218x280/v2/https://flxt.tmsimg.com/assets/85363_v9_bb.jpg,Mads Mikkelsen,"Nov 22, 1965","Østerbro, København, Denmark"
411,https://resizing.flixster.com/dfhqEKsvX1cz3YLKr0py8OFRMKU=/218x280/v2/https://flxt.tmsimg.com/assets/824649_v9_ba.jpg,Alexander Dreymon,"Feb 7, 1983",Germany
412,https://resizing.flixster.com/_5XBRKh7sDbIXf-pOZSPc1-yNTs=/218x280/v2/https://flxt.tmsimg.com/assets/154335_v9_bb.jpg,Will Ferrell,"Jul 16, 1967","Irvine, California, USA"
413,https://resizing.flixster.com/xM9L1ZyvkJOlkfsHHpCJrQFQO1A=/218x280/v2/https://flxt.tmsimg.com/assets/308759_v9_bb.jpg,Adam McKay,"Apr 17, 1968","Philadelphia, Pennsylvania, USA"
414,https://resizing.flixster.com/5L0HbFLw5PecSS2CxhwhqgRTwSI=/218x280/v2/https://flxt.tmsimg.com/assets/1682_v9_ba.jpg,Sylvester Stallone,"Jul 6, 1946","New York, New York, USA"
415,https://resizing.flixster.com/9TqE3EpyaGFE1CyHOBxJ4g9GV08=/218x280/v2/https://flxt.tmsimg.com/assets/649430_v9_bb.jpg,Sophie Nélisse,"Mar 27, 2000","Windsor, Ontario, Canada"
416,https://resizing.flixster.com/S9G74eW9Yo0HZsZXp74cl6qUUBE=/218x280/v2/https://flxt.tmsimg.com/v9/AllPhotos/433/433_v9_bc.jpg,Laura Dern,"Feb 10, 1967","Los Angeles, California, USA"
417,https://resizing.flixster.com/WTF1npMnmjr26bR0ROe9wiFn9yk=/218x280/v2/https://flxt.tmsimg.com/assets/73494_v9_bb.jpg,Jane Campion,"Apr 30, 1954","Wellington, New Zealand"
418,https://resizing.flixster.com/0b3WandIxKeE8ABplipuPz0BZMs=/218x280/v2/https://flxt.tmsimg.com/v9/AllPhotos/532522/532522_v9_bb.jpg,Olivia Munn,"Jul 3, 1980","Oklahoma City, Oklahoma, USA"
419,https://resizing.flixster.com/LnoSamrIJUUeirUg6Scp2XaOpos=/218x280/v2/https://flxt.tmsimg.com/assets/302157_v9_bb.jpg,Amanda Seyfried,"Dec 3, 1985","Allentown, Pennsylvania, USA"
420,https://resizing.flixster.com/_l04hPcN2F15NEE7H4fHBiVbY5o=/218x280/v2/https://flxt.tmsimg.com/v9/AllPhotos/78197/78197_v9_ba.jpg,Paul W.S. Anderson,"Mar 4, 1965","Newcastle-upon-Tyne, England, UK"
421,https://resizing.flixster.com/a31fYKvpM4SA5rjyOZQx-YUimvw=/218x280/v2/https://flxt.tmsimg.com/assets/219687_v9_bb.jpg,Margo Harshman,"Mar 4, 1986","San Diego, California, USA"
422,https://resizing.flixster.com/axACuDeJphI5oi_Mplt9d4LKXgM=/218x280/v2/https://flxt.tmsimg.com/assets/70811_v9_ba.jpg,Kate Winslet,"Oct 5, 1975","Reading, Berkshire, England, UK"
423,https://resizing.flixster.com/ODX0-iWltHrQKgVJ26DZrXg8b-w=/218x280/v2/https://flxt.tmsimg.com/v9/AllPhotos/791481/791481_v9_bb.jpg,Rebecca Henderson,"Jun 4, 1980","Toronto, Ontario, Canada"
424,https://resizing.flixster.com/eLZo10jFKlNZY-opSStKb_wUqrw=/218x280/v2/https://flxt.tmsimg.com/assets/79665_v9_bb.jpg,Janet McTeer,"Aug 5, 1961","Newcastle, Tyne and Wear, England, UK"
425,https://resizing.flixster.com/65kyfJYZSr3EGqQyDYh74TGevKs=/218x280/v2/https://flxt.tmsimg.com/assets/195220_v9_ba.jpg,Brenda Song,"Mar 27, 1988","Carmichael, California, USA"
426,https://resizing.flixster.com/Leede6emWfs93DDONzO8wYzDnB8=/218x280/v2/https://flxt.tmsimg.com/v9/AllPhotos/45497/45497_v9_bb.jpg,Michael Keaton,"Sep 5, 1951","Coraopolis, Pennsylvania, USA"
427,https://resizing.flixster.com/L_bQGvkyGwwGZUwbg4tTYYZq_jg=/218x280/v2/https://flxt.tmsimg.com/v9/AllPhotos/265843/265843_v9_bb.jpg,Lee Pace,"Mar 25, 1979","Chickasha, Oklahoma, USA"
428,https://resizing.flixster.com/2bI1556pf4At6kd68w8Y-Uo-tWM=/218x280/v2/https://flxt.tmsimg.com/v9/AllPhotos/802908/802908_v9_bc.jpg,Daisy Ridley,"Apr 10, 1992","London, England, UK"
429,https://resizing.flixster.com/EBgc5n0oKbr_LmdDVDGYfg6x4dQ=/218x280/v2/https://flxt.tmsimg.com/assets/260870_v9_bb.jpg,Daniel Brühl,"Jun 16, 1978","Barcelona, Spain"
430,https://resizing.flixster.com/PYe5IO4PNYm3IHIr1G2YH4r41N4=/218x280/v2/https://flxt.tmsimg.com/assets/166792_v9_bc.jpg,Will Arnett,"May 4, 1970","Toronto, Ontario, Canada"
431,https://resizing.flixster.com/4yoNDgyJICgstOHAVuQNDKHAIuU=/218x280/v2/https://flxt.tmsimg.com/assets/824477_v9_ba.jpg,Rose Williams,"Feb 18, 1994","Ealing, London, England, UK"
432,https://resizing.flixster.com/_PMDmqAyUBpSsJS048eyhUwD3P4=/218x280/v2/https://flxt.tmsimg.com/v9/AllPhotos/55876/55876_v9_bc.jpg,Robin Wright,"Apr 8, 1966","Dallas, Texas, USA"
433,https://resizing.flixster.com/aUCfHSHgh8qSlsWjll8eDBIOhY4=/218x280/v2/https://flxt.tmsimg.com/v9/AllPhotos/393/393_v9_bb.jpg,Willem Dafoe,"Jul 22, 1955","Appleton, Wisconsin, USA"
434,https://resizing.flixster.com/VflXV96OF2RUjIYU0v147q6l7h8=/218x280/v2/https://flxt.tmsimg.com/assets/7608_v9_bb.jpg,Ben Stiller,"Nov 30, 1965","New York, New York, USA"
435,https://resizing.flixster.com/uBPbA_naCPwstTZZfxI0uP9ab2Y=/218x280/v2/https://flxt.tmsimg.com/v9/AllPhotos/74113/74113_v9_bb.jpg,Rachel Weisz,"Mar 7, 1970","London, England, UK"
436,https://resizing.flixster.com/vGoJMydgknOOxVji3flwERlAd34=/218x280/v2/https://flxt.tmsimg.com/v9/AllPhotos/299302/299302_v9_bb.jpg,Peter Dinklage,"Jun 11, 1969","Morristown, New Jersey, USA"
437,https://resizing.flixster.com/xjCm_4Xry-5Bv_6h70LSPS-eIy8=/218x280/v2/https://flxt.tmsimg.com/assets/79087_v9_bb.jpg,Javier Bardem,"Mar 1, 1969","Las Palmas, Spain"
438,https://resizing.flixster.com/MKQkD6CwIY6J4Ql1Gog7Ol2YWnk=/218x280/v2/https://flxt.tmsimg.com/assets/310609_v9_ba.jpg,Shohreh Aghdashloo,"May 11, 1952","Tehran, Iran"
439,https://resizing.flixster.com/ssOZK2ig1RfQeII-rk10H0ZJkUY=/218x280/v2/https://flxt.tmsimg.com/v9/AllPhotos/168884/168884_v9_ba.jpg,Alice Evans,"Aug 2, 1971","Bristol, England, UK"
440,https://resizing.flixster.com/nT-VKYw8ZrP5Z8M1LXNG7jhQ0bs=/218x280/v2/https://flxt.tmsimg.com/v9/AllPhotos/166858/166858_v9_bb.jpg,Chris Klein,"Mar 14, 1979","Hinsdale, Illinois, USA"
441,https://resizing.flixster.com/8diLIF-PqtcrpihnWlZe7WrRg_c=/218x280/v2/https://flxt.tmsimg.com/assets/13912_v9_ba.jpg,Courteney Cox,"Jun 15, 1964","Birmingham, Alabama, USA"
442,https://resizing.flixster.com/YkIoNvivRIm3NJnZyj-puwSH_Rk=/218x280/v2/https://flxt.tmsimg.com/v9/AllPhotos/74149/74149_v9_ba.jpg,Djimon Hounsou,"Apr 24, 1964","Cotonou, Benin"
443,https://resizing.flixster.com/5jlq3YtGyGN2ixmKv-fWaslUB6M=/218x280/v2/https://flxt.tmsimg.com/assets/247026_v9_bb.jpg,Emma Watson,"Apr 15, 1990","Paris, France"
444,https://resizing.flixster.com/DgB7V5fac2XQAJCDQomHwtxkrnA=/218x280/v2/https://flxt.tmsimg.com/v9/AllPhotos/804131/804131_v9_ba.jpg,Katherine Barrell,"Feb 12, 1990","Toronto, Ontario, Canada"
445,https://resizing.flixster.com/h7eJOpGz2HCXqGIkA4Cxutd8bSI=/218x280/v2/https://flxt.tmsimg.com/assets/408565_v9_bb.jpg,Adrianne Palicki,"May 6, 1983","Toledo, Ohio, USA"
446,https://resizing.flixster.com/hBYGQaV7cVG1wPRFlHKdQ_5bKXw=/218x280/v2/https://flxt.tmsimg.com/assets/8327_v9_bb.jpg,Bill Murray,"Sep 21, 1950","Evanston, Illinois, USA"
447,https://resizing.flixster.com/aIj5ZJhXNA25sCDxZSlpCzLgK0E=/218x280/v2/https://flxt.tmsimg.com/assets/73414_v9_bb.jpg,Mark Hamill,"Sep 25, 1951","Oakland, California, USA"
448,https://resizing.flixster.com/GcSXb9XpUvraKlIiqxIr-N9AbVc=/218x280/v2/https://flxt.tmsimg.com/v9/AllPhotos/67551/67551_v9_bb.jpg,Nathan Fillion,"Mar 27, 1971","Edmonton, Alberta, Canada"
449,https://resizing.flixster.com/WUuh_89wdtaN0HPtrNhuwbcKsaE=/218x280/v2/https://flxt.tmsimg.com/assets/72163_v9_ba.jpg,Vera Farmiga,"Aug 6, 1973","Passaic County, New Jersey, USA"
450,https://resizing.flixster.com/9Noh6hIe-tqC-db7fObC6xSIaGU=/218x280/v2/https://flxt.tmsimg.com/assets/547971_v9_bb.jpg,Brooke Elliott,"Nov 16, 1974","Fridley, Minnesota, USA"
451,https://resizing.flixster.com/13a3H-EeGkAtzogk0IBAD1DaAkU=/218x280/v2/https://flxt.tmsimg.com/assets/71003_v9_ba.jpg,Wings Hauser,"Dec 12, 1947","Hollywood, California, USA"
452,https://resizing.flixster.com/bXuoh4FDxyv_9Drz6WlAIOQjBQI=/218x280/v2/https://flxt.tmsimg.com/assets/318248_v9_bb.jpg,Janina Gavankar,"Nov 29, 1980","Joliet, Illinois, USA"
453,https://resizing.flixster.com/JXcKxVEn5EuFd0ycRYvNrQuASsM=/218x280/v2/https://flxt.tmsimg.com/assets/215189_v9_ba.jpg,John Bradley,"Sep 15, 1988","Wythenshawe, Manchester, England, UK"
454,https://resizing.flixster.com/pDcPOZ459hb82vVil4ahEt4uDxM=/218x280/v2/https://flxt.tmsimg.com/assets/315138_v9_bb.jpg,Rachael Harris,"Jan 12, 1968","Worthington, Ohio, USA"
